{"stats":{"minecraft:mined":{"minecraft:deepslate_tiles":9,"minecraft:white_bed":1,"minecraft:deepslate_diamond_ore":1,"minecraft:stripped_mangrove_log":1,"graveyard:gray_urn":1,"minecraft:mangrove_roots":2,"minecraft:cave_vines_plant":2,"minecraft:cobbled_deepslate_slab":1,"minecraft:grass_block":5,"minecraft:coal_block":10,"minecraft:deepslate_bricks":8,"minecraft:spruce_leaves":1,"minecraft:mangrove_propagule":1,"minecraft:potted_fern":1,"minecraft:large_fern":2,"minecraft:tall_seagrass":1,"minecraft:deepslate_brick_slab":2,"minecraft:furnace":2,"minecraft:carrots":1,"minecraft:iron_ore":11,"minecraft:cobbled_deepslate":1,"minecraft:andesite":6,"treechop:chopped_log":2,"minecraft:potatoes":1,"minecraft:flowering_azalea_leaves":2,"minecraft:skeleton_wall_skull":1,"minecraft:polished_deepslate_slab":3,"minecraft:deepslate_iron_ore":4,"minecraft:deepslate_brick_stairs":4,"minecraft:stone":82,"minecraft:potted_brown_mushroom":1,"minecraft:magenta_stained_glass":1,"minecraft:polished_deepslate_stairs":2,"minecraft:smoker":2,"graveyard:small_light_gray_urn":3,"minecraft:crafting_table":2,"minecraft:torch":1,"minecraft:melon":15,"minecraft:potted_warped_roots":1,"minecraft:dead_bush":1,"minecraft:stone_slab":1,"minecraft:tall_grass":1,"minecraft:sugar_cane":4,"minecraft:oak_planks":2,"minecraft:wall_torch":1,"minecraft:amethyst_block":1,"minecraft:skeleton_skull":1,"supplementaries:urn":2,"graveyard:vase_block":6,"minecraft:purple_stained_glass":1,"minecraft:wheat":57,"minecraft:birch_leaves":3,"minecraft:black_bed":3,"minecraft:mangrove_leaves":2,"minecraft:yellow_stained_glass_pane":2,"minecraft:grass":24,"minecraft:cracked_deepslate_tiles":9,"minecraft:coal_ore":30,"travelersbackpack:cow":1,"minecraft:zombie_head":1,"minecraft:dirt":18,"minecraft:acacia_door":3,"minecraft:smooth_basalt":3,"minecraft:cobweb":7,"minecraft:acacia_planks":2,"minecraft:gold_ore":5,"minecraft:oak_leaves":2,"minecraft:cyan_candle":1,"minecraft:deepslate":18,"minecraft:fern":4},"minecraft:broken":{"minecraft:iron_sword":1},"minecraft:dropped":{"minecraft:iron_ingot":7,"minecraft:stripped_mangrove_log":1,"minecraft:iron_sword":1,"minecraft:brown_mushroom":1,"minecraft:wheat_seeds":215,"minecraft:golden_helmet":1,"minecraft:lilac":1,"minecraft:glow_ink_sac":3,"minecraft:cooked_porkchop":2,"minecraft:cobblestone":33,"minecraft:feather":8,"minecraft:warped_roots":3,"graveyard:corruption":8,"minecraft:cobweb":7,"minecraft:dirt":1,"minecraft:melon_slice":4,"minecraft:cyan_candle":3,"minecraft:wither_rose":6,"minecraft:iron_pickaxe":2,"minecraft:acacia_door":10,"minecraft:string":2,"minecraft:dandelion":4,"minecraft:white_tulip":6,"minecraft:mangrove_roots":1,"minecraft:stone_sword":1,"minecraft:birch_sapling":1,"minecraft:deepslate_brick_slab":3,"minecraft:rotten_flesh":6,"minecraft:oak_planks":64,"minecraft:stone_slab":1,"minecraft:cobbled_deepslate_slab":1,"minecraft:white_bed":3,"minecraft:deepslate_bricks":5,"minecraft:poppy":1,"graveyard:small_light_gray_urn":1,"minecraft:deepslate_tiles":1,"minecraft:shield":1,"minecraft:flower_pot":3,"minecraft:gunpowder":2,"minecraft:allium":12,"minecraft:skeleton_skull":1,"minecraft:andesite":3,"minecraft:oak_sapling":8,"minecraft:acacia_sapling":3,"minecraft:stone_pressure_plate":3,"minecraft:arrow":4,"minecraft:stone_pickaxe":1,"minecraft:wooden_pickaxe":1,"minecraft:written_book":1},"minecraft:crafted":{"minecraft:black_dye":1,"minecraft:oak_planks":76,"minecraft:cooked_chicken":3,"minecraft:furnace":1,"minecraft:cooked_mutton":6,"minecraft:flint_and_steel":1,"minecraft:iron_boots":1,"minecraft:iron_axe":1,"minecraft:stone_pickaxe":1,"minecraft:smoker":1,"minecraft:crafting_table":2,"minecraft:wooden_pickaxe":1,"minecraft:baked_potato":5,"minecraft:iron_sword":1,"minecraft:stone_axe":1,"minecraft:air":0,"minecraft:jungle_planks":60,"minecraft:iron_chestplate":1,"minecraft:shield":2,"minecraft:stick":4,"minecraft:iron_ingot":30,"minecraft:iron_pickaxe":1,"minecraft:stone_sword":1,"minecraft:acacia_door":9,"minecraft:iron_leggings":1,"minecraft:black_bed":1,"minecraft:white_bed":3,"minecraft:acacia_planks":44,"minecraft:torch":20,"minecraft:shears":1},"minecraft:killed":{"minecraft:vex":1,"graveyard:corrupted_vindicator":1,"graveyard:wraith":4,"naturalist:boar":3,"minecraft:phantom":1,"naturalist:snail":2,"minecraft:skeleton":2,"naturalist:coral_snake":2,"graveyard:acolyte":1,"minecraft:chicken":4,"naturalist:giraffe":2,"minecraft:pig":6,"naturalist:bluejay":2,"minecraft:iron_golem":1,"minecraft:rabbit":1,"minecraft:sheep":3,"minecraft:zombie":12,"naturalist:canary":1,"minecraft:player":1},"minecraft:custom":{"minecraft:interact_with_smithing_table":1,"minecraft:mob_kills":51,"minecraft:interact_with_crafting_table":24,"minecraft:open_barrel":6,"minecraft:bell_ring":4,"minecraft:time_since_death":4895,"minecraft:climb_one_cm":15167,"minecraft:sprint_one_cm":274583,"minecraft:walk_one_cm":417861,"minecraft:damage_blocked_by_shield":587,"minecraft:drop":93,"minecraft:talked_to_villager":3,"minecraft:deaths":1,"minecraft:play_time":158253,"minecraft:sneak_time":8259,"minecraft:walk_under_water_one_cm":31867,"minecraft:interact_with_lectern":1,"minecraft:jump":4601,"minecraft:interact_with_brewingstand":1,"minecraft:walk_on_water_one_cm":33654,"minecraft:total_world_time":158253,"minecraft:interact_with_furnace":26,"minecraft:sleep_in_bed":6,"minecraft:time_since_rest":4937,"minecraft:damage_taken":3438,"minecraft:damage_dealt":8342,"minecraft:swim_one_cm":76938,"minecraft:fly_one_cm":388236,"minecraft:player_kills":1,"minecraft:open_chest":29,"minecraft:crouch_one_cm":13973,"minecraft:interact_with_smoker":7,"minecraft:fall_one_cm":86409},"minecraft:picked_up":{"minecraft:iron_chestplate":1,"minecraft:crafting_table":3,"minecraft:allium":24,"minecraft:wheat":108,"minecraft:chicken":2,"minecraft:flower_pot":6,"minecraft:stone_slab":1,"minecraft:brown_mushroom":1,"minecraft:cooked_rabbit":1,"minecraft:wither_rose":8,"minecraft:shield":1,"minecraft:stripped_mangrove_log":1,"minecraft:amethyst_block":1,"minecraft:iron_axe":1,"minecraft:string":7,"minecraft:acacia_door":13,"minecraft:flint_and_steel":1,"minecraft:iron_leggings":1,"minecraft:item_frame":1,"minecraft:experience_bottle":1,"minecraft:zombie_head":1,"graveyard:corruption":23,"minecraft:deepslate_tiles":7,"minecraft:cobbled_deepslate":18,"minecraft:white_tulip":6,"minecraft:golden_helmet":1,"minecraft:iron_nugget":26,"minecraft:poppy":1,"minecraft:iron_pickaxe":3,"minecraft:iron_boots":1,"minecraft:coal_block":20,"minecraft:melon_slice":67,"minecraft:sugar_cane":9,"minecraft:birch_sapling":2,"minecraft:furnace":5,"minecraft:polished_deepslate_slab":2,"minecraft:raw_iron":17,"minecraft:stick":39,"minecraft:jungle_door":2,"minecraft:torch":3,"minecraft:acacia_log":11,"minecraft:carrot":1,"minecraft:stone_pressure_plate":6,"minecraft:arrow":5,"minecraft:rotten_flesh":7,"minecraft:shears":1,"minecraft:deepslate_bricks":5,"minecraft:mangrove_roots":2,"minecraft:deepslate_brick_stairs":2,"minecraft:mutton":6,"minecraft:white_wool":21,"minecraft:skeleton_skull":3,"minecraft:cobblestone":144,"minecraft:cracked_deepslate_tiles":6,"minecraft:nautilus_shell":1,"minecraft:feather":10,"minecraft:lilac":1,"minecraft:water_bucket":1,"minecraft:glow_ink_sac":3,"minecraft:jungle_log":31,"minecraft:andesite":5,"minecraft:black_bed":4,"minecraft:leather":3,"minecraft:smoker":3,"minecraft:potato":8,"graveyard:small_light_gray_urn":3,"minecraft:oak_log":4,"minecraft:gunpowder":1,"minecraft:dirt":23,"minecraft:lantern":2,"minecraft:cooked_mutton":9,"minecraft:bone":12,"minecraft:acacia_planks":6,"travelersbackpack:cow":2,"minecraft:wheat_seeds":216,"minecraft:deepslate_brick_slab":3,"minecraft:cobbled_deepslate_slab":2,"minecraft:raw_gold":5,"minecraft:iron_ingot":6,"minecraft:cooked_chicken":2,"minecraft:cobweb":7,"minecraft:cyan_candle":6,"minecraft:iron_sword":4,"minecraft:oak_planks":107,"minecraft:acacia_sapling":3,"minecraft:smooth_basalt":3,"minecraft:cooked_porkchop":14,"minecraft:dandelion":4,"minecraft:jungle_planks":41,"minecraft:white_bed":2,"minecraft:oak_wood":19,"minecraft:diamond":1,"minecraft:emerald":6,"minecraft:bread":9,"minecraft:warped_roots":3,"minecraft:baked_potato":5,"minecraft:oak_sapling":9,"minecraft:black_wool":2,"minecraft:coal":112},"minecraft:used":{"minecraft:writable_book":1,"minecraft:stone_sword":66,"minecraft:flint_and_steel":6,"minecraft:shield":24,"minecraft:iron_sword":164,"minecraft:cooked_chicken":5,"minecraft:rotten_flesh":1,"minecraft:iron_chestplate":1,"minecraft:torch":19,"minecraft:dirt":5,"minecraft:jungle_planks":10,"minecraft:cracked_deepslate_tiles":6,"minecraft:iron_axe":1,"minecraft:iron_boots":1,"minecraft:item_frame":1,"minecraft:mangrove_roots":1,"minecraft:furnace":1,"minecraft:oak_sapling":1,"minecraft:skeleton_skull":1,"minecraft:acacia_planks":6,"minecraft:cobbled_deepslate":11,"minecraft:iron_leggings":1,"minecraft:cooked_mutton":9,"minecraft:water_bucket":18,"minecraft:stone_pickaxe":54,"minecraft:oak_planks":37,"minecraft:wooden_pickaxe":18,"minecraft:polished_deepslate_slab":2,"minecraft:golden_apple":1,"minecraft:crafting_table":3,"minecraft:white_bed":1,"minecraft:black_bed":3,"minecraft:smoker":2,"minecraft:deepslate_tiles":6,"minecraft:flower_pot":1,"minecraft:acacia_door":7,"minecraft:melon_slice":63,"minecraft:bread":7,"minecraft:string":1,"minecraft:iron_pickaxe":170,"minecraft:stone_axe":75,"minecraft:cobblestone":29,"minecraft:cooked_porkchop":6,"minecraft:bucket":18,"minecraft:jungle_door":2,"minecraft:cooked_rabbit":1,"minecraft:andesite":2,"minecraft:experience_bottle":1}},"DataVersion":3465}