{"stats":{"minecraft:used":{"minecraft:stone_sword":29,"minecraft:melon_slice":12,"minecraft:bread":1,"minecraft:stone_pickaxe":4,"minecraft:wooden_pickaxe":18,"minecraft:rotten_flesh":1,"minecraft:stone_axe":38,"minecraft:dirt":5,"minecraft:crafting_table":2,"minecraft:oak_sapling":1},"minecraft:picked_up":{"minecraft:stick":13,"minecraft:crafting_table":1,"minecraft:feather":1,"minecraft:chicken":2,"minecraft:jungle_log":15,"minecraft:acacia_log":11,"minecraft:stripped_mangrove_log":1,"minecraft:dirt":6,"minecraft:cooked_mutton":2,"minecraft:oak_wood":19,"minecraft:arrow":2,"minecraft:rotten_flesh":1,"minecraft:wheat_seeds":1,"minecraft:bread":1,"minecraft:oak_sapling":9,"minecraft:melon_slice":43,"minecraft:oak_planks":64,"minecraft:acacia_sapling":3,"minecraft:coal":4,"minecraft:cobblestone":18},"minecraft:crafted":{"minecraft:oak_planks":76,"minecraft:crafting_table":2,"minecraft:stick":4,"minecraft:wooden_pickaxe":1,"minecraft:stone_pickaxe":1,"minecraft:stone_sword":1,"minecraft:acacia_planks":40,"minecraft:stone_axe":1},"minecraft:killed":{"minecraft:zombie":3,"minecraft:chicken":2,"minecraft:player":1,"naturalist:giraffe":2},"minecraft:custom":{"minecraft:time_since_rest":27002,"minecraft:sprint_one_cm":15580,"minecraft:damage_taken":270,"minecraft:walk_one_cm":117209,"minecraft:mob_kills":9,"minecraft:drop":2,"minecraft:damage_dealt":1173,"minecraft:swim_one_cm":2512,"minecraft:interact_with_crafting_table":4,"minecraft:player_kills":1,"minecraft:fly_one_cm":19804,"minecraft:open_barrel":1,"minecraft:crouch_one_cm":3621,"minecraft:play_time":27002,"minecraft:sneak_time":1548,"minecraft:walk_under_water_one_cm":3357,"minecraft:jump":2020,"minecraft:walk_on_water_one_cm":1547,"minecraft:time_since_death":27002,"minecraft:climb_one_cm":3860,"minecraft:total_world_time":27002,"minecraft:fall_one_cm":9408},"minecraft:mined":{"minecraft:stripped_mangrove_log":1,"treechop:chopped_log":2,"minecraft:crafting_table":1,"minecraft:grass":14,"minecraft:grass_block":4,"minecraft:coal_ore":4,"minecraft:melon":9,"minecraft:dirt":1,"minecraft:stone":18,"minecraft:oak_leaves":2,"minecraft:fern":2},"minecraft:dropped":{"minecraft:oak_planks":64,"minecraft:wooden_pickaxe":1}},"DataVersion":3465}