{"stats":{"minecraft:mined":{"minecraft:deepslate_tiles":9,"minecraft:potted_brown_mushroom":1,"minecraft:stripped_mangrove_log":1,"minecraft:deepslate_diamond_ore":1,"minecraft:smoker":1,"minecraft:mangrove_roots":2,"minecraft:torch":1,"graveyard:small_light_gray_urn":1,"minecraft:crafting_table":1,"minecraft:grass_block":4,"minecraft:melon":15,"minecraft:dead_bush":1,"minecraft:stone_slab":1,"minecraft:deepslate_bricks":8,"minecraft:oak_planks":2,"minecraft:mangrove_propagule":1,"minecraft:amethyst_block":1,"supplementaries:urn":1,"minecraft:deepslate_brick_slab":2,"graveyard:vase_block":1,"minecraft:iron_ore":8,"minecraft:cobbled_deepslate":1,"minecraft:andesite":5,"treechop:chopped_log":2,"minecraft:mangrove_leaves":2,"minecraft:grass":17,"minecraft:cracked_deepslate_tiles":9,"minecraft:coal_ore":21,"minecraft:deepslate_iron_ore":4,"minecraft:deepslate_brick_stairs":4,"minecraft:acacia_door":3,"minecraft:dirt":1,"minecraft:cobweb":3,"minecraft:acacia_planks":2,"minecraft:stone":48,"minecraft:oak_leaves":2,"minecraft:cyan_candle":1,"minecraft:deepslate":15,"minecraft:fern":2},"minecraft:dropped":{"minecraft:iron_ingot":2,"minecraft:stripped_mangrove_log":1,"minecraft:brown_mushroom":1,"minecraft:mangrove_roots":1,"minecraft:wheat_seeds":2,"minecraft:rotten_flesh":5,"minecraft:deepslate_brick_slab":1,"minecraft:feather":1,"minecraft:oak_planks":64,"minecraft:stone_slab":1,"minecraft:deepslate_bricks":5,"minecraft:dirt":1,"minecraft:deepslate_tiles":1,"minecraft:shield":1,"minecraft:andesite":3,"minecraft:acacia_sapling":3,"minecraft:oak_sapling":8,"minecraft:wooden_pickaxe":1},"minecraft:crafted":{"minecraft:oak_planks":76,"minecraft:crafting_table":2,"minecraft:cooked_chicken":2,"minecraft:wooden_pickaxe":1,"minecraft:iron_sword":1,"minecraft:furnace":1,"minecraft:stone_axe":1,"minecraft:air":0,"minecraft:jungle_planks":60,"minecraft:iron_chestplate":1,"minecraft:shield":2,"minecraft:stick":4,"minecraft:iron_ingot":27,"minecraft:stone_pickaxe":1,"minecraft:stone_sword":1,"minecraft:acacia_door":9,"minecraft:iron_leggings":1,"minecraft:acacia_planks":44,"minecraft:torch":20,"minecraft:smoker":1},"minecraft:killed":{"graveyard:wraith":1,"naturalist:snail":1,"naturalist:coral_snake":1,"graveyard:acolyte":1,"minecraft:zombie":9,"minecraft:chicken":2,"minecraft:player":1,"naturalist:giraffe":2},"minecraft:custom":{"minecraft:interact_with_furnace":17,"minecraft:mob_kills":19,"minecraft:interact_with_crafting_table":16,"minecraft:open_barrel":1,"minecraft:time_since_death":68253,"minecraft:climb_one_cm":7360,"minecraft:time_since_rest":68253,"minecraft:sprint_one_cm":59936,"minecraft:damage_taken":1093,"minecraft:walk_one_cm":232463,"minecraft:drop":35,"minecraft:damage_dealt":3212,"minecraft:swim_one_cm":42039,"minecraft:fly_one_cm":56526,"minecraft:player_kills":1,"minecraft:open_chest":1,"minecraft:crouch_one_cm":10416,"minecraft:play_time":68253,"minecraft:sneak_time":5634,"minecraft:walk_under_water_one_cm":19775,"minecraft:jump":2520,"minecraft:walk_on_water_one_cm":20816,"minecraft:total_world_time":68253,"minecraft:interact_with_smoker":5,"minecraft:fall_one_cm":19468},"minecraft:picked_up":{"minecraft:nautilus_shell":1,"minecraft:crafting_table":1,"minecraft:feather":1,"minecraft:chicken":2,"minecraft:flower_pot":1,"minecraft:andesite":4,"minecraft:jungle_log":15,"minecraft:brown_mushroom":1,"minecraft:stone_slab":1,"minecraft:smoker":1,"minecraft:potato":1,"graveyard:small_light_gray_urn":1,"minecraft:oak_log":4,"minecraft:amethyst_block":1,"minecraft:stripped_mangrove_log":1,"minecraft:dirt":6,"minecraft:string":3,"minecraft:acacia_door":3,"minecraft:cooked_mutton":2,"minecraft:bone":8,"minecraft:acacia_planks":2,"travelersbackpack:cow":1,"minecraft:wheat_seeds":2,"minecraft:deepslate_tiles":7,"minecraft:deepslate_brick_slab":1,"minecraft:cobbled_deepslate":16,"minecraft:iron_ingot":1,"minecraft:cobweb":7,"minecraft:iron_nugget":26,"minecraft:cyan_candle":3,"minecraft:melon_slice":67,"minecraft:oak_planks":66,"minecraft:acacia_sapling":3,"minecraft:stick":16,"minecraft:raw_iron":14,"minecraft:torch":1,"minecraft:acacia_log":11,"minecraft:oak_wood":19,"minecraft:arrow":2,"minecraft:rotten_flesh":6,"minecraft:diamond":1,"minecraft:deepslate_bricks":5,"minecraft:mangrove_roots":2,"minecraft:bread":1,"minecraft:emerald":3,"minecraft:oak_sapling":9,"minecraft:deepslate_brick_stairs":2,"minecraft:coal":36,"minecraft:cobblestone":45,"minecraft:cracked_deepslate_tiles":6},"minecraft:used":{"minecraft:stone_sword":66,"minecraft:stone_pickaxe":39,"minecraft:oak_planks":14,"minecraft:wooden_pickaxe":18,"minecraft:iron_sword":15,"minecraft:cooked_chicken":2,"minecraft:rotten_flesh":1,"minecraft:iron_chestplate":1,"minecraft:torch":3,"minecraft:dirt":5,"minecraft:crafting_table":3,"minecraft:jungle_planks":1,"minecraft:cracked_deepslate_tiles":6,"minecraft:smoker":1,"minecraft:deepslate_tiles":6,"minecraft:acacia_door":7,"minecraft:bread":1,"minecraft:melon_slice":48,"minecraft:iron_pickaxe":88,"minecraft:stone_axe":56,"minecraft:mangrove_roots":1,"minecraft:oak_sapling":1,"minecraft:andesite":1,"minecraft:cobbled_deepslate":11,"minecraft:iron_leggings":1}},"DataVersion":3465}