{"stats":{"minecraft:mined":{"minecraft:deepslate_tiles":9,"minecraft:deepslate_diamond_ore":1,"minecraft:stripped_mangrove_log":1,"graveyard:gray_urn":1,"minecraft:mangrove_roots":2,"minecraft:cobbled_deepslate_slab":1,"minecraft:grass_block":4,"minecraft:deepslate_bricks":8,"minecraft:spruce_leaves":1,"minecraft:mangrove_propagule":1,"minecraft:tall_seagrass":1,"minecraft:deepslate_brick_slab":2,"minecraft:iron_ore":11,"minecraft:cobbled_deepslate":1,"minecraft:andesite":6,"treechop:chopped_log":2,"minecraft:skeleton_wall_skull":1,"minecraft:polished_deepslate_slab":3,"minecraft:deepslate_iron_ore":4,"minecraft:deepslate_brick_stairs":4,"minecraft:stone":49,"minecraft:potted_brown_mushroom":1,"minecraft:polished_deepslate_stairs":2,"minecraft:smoker":1,"graveyard:small_light_gray_urn":3,"minecraft:crafting_table":1,"minecraft:torch":1,"minecraft:melon":15,"minecraft:potted_warped_roots":1,"minecraft:dead_bush":1,"minecraft:stone_slab":1,"minecraft:sugar_cane":4,"minecraft:oak_planks":2,"minecraft:wall_torch":1,"minecraft:amethyst_block":1,"minecraft:skeleton_skull":1,"supplementaries:urn":2,"graveyard:vase_block":6,"minecraft:mangrove_leaves":2,"minecraft:grass":21,"minecraft:cracked_deepslate_tiles":9,"minecraft:coal_ore":25,"minecraft:dirt":18,"minecraft:acacia_door":3,"minecraft:cobweb":6,"minecraft:acacia_planks":2,"minecraft:gold_ore":5,"minecraft:oak_leaves":2,"minecraft:cyan_candle":1,"minecraft:deepslate":15,"minecraft:fern":2},"minecraft:dropped":{"minecraft:iron_ingot":2,"minecraft:stripped_mangrove_log":1,"minecraft:brown_mushroom":1,"minecraft:wheat_seeds":4,"minecraft:glow_ink_sac":3,"minecraft:cooked_porkchop":2,"minecraft:cobblestone":33,"minecraft:feather":8,"minecraft:warped_roots":3,"graveyard:corruption":8,"minecraft:cobweb":7,"minecraft:dirt":1,"minecraft:melon_slice":4,"minecraft:cyan_candle":3,"minecraft:wither_rose":6,"minecraft:iron_pickaxe":2,"minecraft:acacia_door":10,"minecraft:string":2,"minecraft:mangrove_roots":1,"minecraft:stone_sword":1,"minecraft:deepslate_brick_slab":3,"minecraft:rotten_flesh":6,"minecraft:oak_planks":64,"minecraft:stone_slab":1,"minecraft:cobbled_deepslate_slab":1,"minecraft:deepslate_bricks":5,"graveyard:small_light_gray_urn":1,"minecraft:deepslate_tiles":1,"minecraft:shield":1,"minecraft:flower_pot":3,"minecraft:gunpowder":2,"minecraft:skeleton_skull":1,"minecraft:andesite":3,"minecraft:oak_sapling":8,"minecraft:acacia_sapling":3,"minecraft:arrow":4,"minecraft:stone_pickaxe":1,"minecraft:wooden_pickaxe":1},"minecraft:crafted":{"minecraft:oak_planks":76,"minecraft:cooked_chicken":2,"minecraft:furnace":1,"minecraft:flint_and_steel":1,"minecraft:stone_pickaxe":1,"minecraft:smoker":1,"minecraft:crafting_table":2,"minecraft:wooden_pickaxe":1,"minecraft:iron_sword":1,"minecraft:stone_axe":1,"minecraft:air":0,"minecraft:jungle_planks":60,"minecraft:iron_chestplate":1,"minecraft:shield":2,"minecraft:stick":4,"minecraft:iron_ingot":27,"minecraft:stone_sword":1,"minecraft:acacia_door":9,"minecraft:iron_leggings":1,"minecraft:acacia_planks":44,"minecraft:torch":20,"minecraft:shears":1},"minecraft:killed":{"graveyard:corrupted_vindicator":1,"graveyard:wraith":4,"naturalist:boar":3,"minecraft:phantom":1,"naturalist:snail":2,"minecraft:skeleton":1,"naturalist:coral_snake":2,"graveyard:acolyte":1,"minecraft:chicken":4,"naturalist:giraffe":2,"minecraft:pig":4,"naturalist:bluejay":2,"minecraft:rabbit":1,"minecraft:zombie":12,"naturalist:canary":1,"minecraft:player":1},"minecraft:custom":{"minecraft:mob_kills":43,"minecraft:interact_with_crafting_table":16,"minecraft:open_barrel":1,"minecraft:time_since_death":104253,"minecraft:climb_one_cm":7360,"minecraft:sprint_one_cm":148138,"minecraft:walk_one_cm":316425,"minecraft:damage_blocked_by_shield":452,"minecraft:drop":75,"minecraft:play_time":104253,"minecraft:sneak_time":7093,"minecraft:walk_under_water_one_cm":20035,"minecraft:jump":3383,"minecraft:walk_on_water_one_cm":22858,"minecraft:total_world_time":104253,"minecraft:interact_with_furnace":17,"minecraft:time_since_rest":104253,"minecraft:damage_taken":1680,"minecraft:damage_dealt":6550,"minecraft:swim_one_cm":48944,"minecraft:fly_one_cm":196647,"minecraft:player_kills":1,"minecraft:open_chest":5,"minecraft:crouch_one_cm":12526,"minecraft:interact_with_smoker":5,"minecraft:fall_one_cm":42486},"minecraft:picked_up":{"minecraft:crafting_table":1,"minecraft:chicken":2,"minecraft:flower_pot":5,"minecraft:stone_slab":1,"minecraft:brown_mushroom":1,"minecraft:cooked_rabbit":1,"minecraft:wither_rose":6,"minecraft:stripped_mangrove_log":1,"minecraft:amethyst_block":1,"minecraft:string":6,"minecraft:acacia_door":13,"graveyard:corruption":10,"minecraft:deepslate_tiles":7,"minecraft:cobbled_deepslate":16,"minecraft:iron_nugget":26,"minecraft:iron_pickaxe":2,"minecraft:melon_slice":67,"minecraft:sugar_cane":9,"minecraft:polished_deepslate_slab":2,"minecraft:raw_iron":17,"minecraft:stick":16,"minecraft:jungle_door":2,"minecraft:torch":1,"minecraft:acacia_log":11,"minecraft:arrow":4,"minecraft:rotten_flesh":7,"minecraft:deepslate_bricks":5,"minecraft:mangrove_roots":2,"minecraft:deepslate_brick_stairs":2,"minecraft:mutton":6,"minecraft:white_wool":2,"minecraft:skeleton_skull":3,"minecraft:cobblestone":78,"minecraft:cracked_deepslate_tiles":6,"minecraft:nautilus_shell":1,"minecraft:feather":10,"minecraft:glow_ink_sac":3,"minecraft:jungle_log":15,"minecraft:andesite":5,"minecraft:leather":3,"minecraft:smoker":1,"minecraft:potato":1,"graveyard:small_light_gray_urn":3,"minecraft:oak_log":4,"minecraft:gunpowder":1,"minecraft:dirt":23,"minecraft:cooked_mutton":2,"minecraft:bone":10,"minecraft:acacia_planks":6,"travelersbackpack:cow":1,"minecraft:wheat_seeds":4,"minecraft:deepslate_brick_slab":3,"minecraft:cobbled_deepslate_slab":2,"minecraft:raw_gold":5,"minecraft:iron_ingot":1,"minecraft:cooked_chicken":2,"minecraft:cobweb":7,"minecraft:cyan_candle":6,"minecraft:oak_planks":66,"minecraft:acacia_sapling":3,"minecraft:cooked_porkchop":8,"minecraft:oak_wood":19,"minecraft:diamond":1,"minecraft:emerald":3,"minecraft:bread":1,"minecraft:warped_roots":3,"minecraft:oak_sapling":9,"minecraft:coal":40},"minecraft:used":{"minecraft:stone_sword":66,"minecraft:flint_and_steel":2,"minecraft:shield":20,"minecraft:iron_sword":93,"minecraft:cooked_chicken":4,"minecraft:rotten_flesh":1,"minecraft:iron_chestplate":1,"minecraft:torch":16,"minecraft:dirt":5,"minecraft:jungle_planks":10,"minecraft:cracked_deepslate_tiles":6,"minecraft:mangrove_roots":1,"minecraft:oak_sapling":1,"minecraft:skeleton_skull":1,"minecraft:acacia_planks":6,"minecraft:cobbled_deepslate":11,"minecraft:iron_leggings":1,"minecraft:cooked_mutton":2,"minecraft:stone_pickaxe":54,"minecraft:oak_planks":14,"minecraft:wooden_pickaxe":18,"minecraft:polished_deepslate_slab":2,"minecraft:golden_apple":1,"minecraft:crafting_table":3,"minecraft:smoker":1,"minecraft:deepslate_tiles":6,"minecraft:acacia_door":7,"minecraft:melon_slice":63,"minecraft:bread":1,"minecraft:string":1,"minecraft:iron_pickaxe":105,"minecraft:stone_axe":73,"minecraft:cobblestone":29,"minecraft:cooked_porkchop":2,"minecraft:cooked_rabbit":1,"minecraft:andesite":2}},"DataVersion":3465}