{"stats":{"minecraft:mined":{"minecraft:white_bed":1,"graveyard:gray_urn":1,"minecraft:cobblestone_stairs":17,"minecraft:sculk_vein":1,"minecraft:spruce_trapdoor":4,"minecraft:cave_vines_plant":2,"minecraft:grass_block":133,"minecraft:coal_block":10,"minecraft:deepslate_bricks":8,"minecraft:hopper":11,"minecraft:potted_fern":1,"minecraft:tall_seagrass":1,"minecraft:raw_iron_block":5,"minecraft:iron_ore":68,"minecraft:cobbled_deepslate":1,"minecraft:sculk_shrieker":1,"minecraft:skeleton_wall_skull":2,"minecraft:flowering_azalea_leaves":2,"minecraft:polished_deepslate_slab":3,"minecraft:dirt_path":1,"minecraft:oak_stairs":10,"minecraft:iron_bars":9,"minecraft:deepslate_brick_stairs":4,"minecraft:black_candle":1,"graveyard:light_gray_urn":2,"minecraft:potted_brown_mushroom":1,"minecraft:polished_deepslate_stairs":3,"minecraft:smoker":2,"minecraft:soul_fire":5,"minecraft:torch":7,"diagonalfences:minecraft/oak_fence":8,"minecraft:melon":15,"minecraft:potted_warped_roots":1,"minecraft:chest":8,"minecraft:dead_bush":1,"minecraft:cobblestone":48,"minecraft:oak_planks":17,"minecraft:sugar_cane":4,"minecraft:wall_torch":9,"minecraft:amethyst_block":1,"minecraft:skeleton_skull":2,"minecraft:wheat":133,"minecraft:blue_ice":1,"minecraft:black_bed":4,"minecraft:yellow_stained_glass_pane":2,"minecraft:grass":27,"minecraft:cracked_deepslate_tiles":10,"minecraft:oak_log":5,"minecraft:beetroots":1,"minecraft:sand":24,"minecraft:dirt":145,"minecraft:smooth_basalt":3,"minecraft:wither_skeleton_skull":1,"minecraft:oak_leaves":3,"minecraft:cyan_candle":1,"minecraft:deepslate":52,"minecraft:deepslate_tiles":14,"minecraft:diamond_ore":1,"minecraft:tuff":20,"minecraft:deepslate_diamond_ore":30,"minecraft:stripped_mangrove_log":1,"minecraft:oak_door":4,"minecraft:mangrove_roots":2,"minecraft:cobbled_deepslate_slab":1,"minecraft:glow_lichen":1,"minecraft:ladder":3,"minecraft:jungle_planks":2,"minecraft:spruce_leaves":1,"minecraft:mangrove_propagule":1,"minecraft:large_fern":2,"minecraft:hay_block":23,"minecraft:deepslate_brick_slab":2,"minecraft:oak_trapdoor":1,"minecraft:furnace":2,"minecraft:carrots":1,"minecraft:andesite":538,"minecraft:dark_oak_fence_gate":1,"treechop:chopped_log":8,"minecraft:bookshelf":7,"minecraft:potatoes":11,"minecraft:cobblestone_slab":8,"minecraft:deepslate_iron_ore":77,"minecraft:lantern":2,"minecraft:white_tulip":13,"minecraft:stone":679,"minecraft:white_wool":12,"travelersbackpack:spider":2,"minecraft:oak_slab":7,"minecraft:glass_pane":1,"minecraft:magenta_stained_glass":1,"graveyard:small_light_gray_urn":3,"minecraft:oak_fence":6,"minecraft:crafting_table":3,"minecraft:cornflower":6,"minecraft:sculk_sensor":5,"minecraft:stone_slab":4,"minecraft:copper_ore":4,"minecraft:tall_grass":4,"minecraft:deepslate_gold_ore":15,"minecraft:sculk":66,"supplementaries:urn":19,"minecraft:spruce_stairs":1,"graveyard:vase_block":8,"minecraft:redstone_torch":2,"minecraft:purple_stained_glass":1,"minecraft:white_carpet":4,"minecraft:birch_leaves":3,"minecraft:mangrove_leaves":2,"minecraft:coal_ore":96,"travelersbackpack:cow":2,"minecraft:zombie_head":1,"minecraft:cyan_carpet":4,"minecraft:acacia_door":3,"openblocks:elevator_block":1,"minecraft:cobweb":78,"minecraft:acacia_planks":2,"minecraft:stone_bricks":2,"minecraft:gold_ore":5,"minecraft:fern":4},"minecraft:dropped":{"minecraft:iron_sword":3,"minecraft:brown_mushroom":1,"minecraft:glow_ink_sac":3,"minecraft:golden_pickaxe":1,"minecraft:cooked_porkchop":2,"minecraft:warped_roots":3,"minecraft:leather":1,"minecraft:jungle_planks":1,"travelersbackpack:iron_tier_upgrade":1,"travelersbackpack:standard":1,"graveyard:corruption":8,"minecraft:leather_helmet":6,"minecraft:dirt":6,"minecraft:stone_button":2,"minecraft:cornflower":1,"minecraft:writable_book":1,"minecraft:iron_pickaxe":9,"minecraft:acacia_door":10,"minecraft:white_wool":5,"minecraft:cyan_carpet":1,"minecraft:bone":2,"minecraft:white_tulip":6,"minecraft:mangrove_roots":1,"minecraft:cobbled_deepslate":15,"minecraft:birch_sapling":1,"minecraft:deepslate_brick_slab":3,"minecraft:rotten_flesh":12,"minecraft:oak_planks":65,"minecraft:white_bed":3,"minecraft:poppy":1,"minecraft:leather_chestplate":6,"supplementaries:flax_seeds":4,"minecraft:deepslate_tiles":1,"minecraft:gunpowder":2,"minecraft:skeleton_skull":1,"minecraft:hopper":3,"minecraft:azalea":11,"minecraft:acacia_sapling":3,"minecraft:chest":4,"minecraft:leather_leggings":7,"minecraft:arrow":4,"minecraft:beef":1,"minecraft:written_book":1,"minecraft:stripped_mangrove_log":1,"minecraft:enchanted_book":2,"minecraft:iron_ingot":29,"minecraft:bread":32,"minecraft:wheat_seeds":218,"minecraft:golden_helmet":1,"minecraft:lilac":1,"minecraft:cobblestone":33,"minecraft:feather":8,"minecraft:book":3,"minecraft:spruce_button":1,"minecraft:copper_ingot":8,"minecraft:spruce_stairs":2,"minecraft:stick":3,"minecraft:cobweb":7,"minecraft:melon_slice":4,"minecraft:diamond_helmet":1,"minecraft:oak_stairs":1,"minecraft:wither_rose":6,"minecraft:cyan_candle":3,"minecraft:iron_axe":1,"minecraft:string":2,"minecraft:dandelion":4,"minecraft:stone_sword":1,"minecraft:raw_copper":11,"minecraft:iron_boots":1,"minecraft:stone_slab":4,"minecraft:cobbled_deepslate_slab":1,"minecraft:totem_of_undying":1,"minecraft:deepslate_bricks":5,"minecraft:diamond_sword":1,"graveyard:small_light_gray_urn":1,"minecraft:shield":1,"minecraft:flower_pot":3,"minecraft:allium":24,"minecraft:bundle":1,"graveyard:incarnated_evil_music_disc":1,"minecraft:iron_chestplate":1,"minecraft:andesite":75,"minecraft:oak_sapling":8,"minecraft:redstone_torch":1,"minecraft:stone_pressure_plate":6,"minecraft:diamond_boots":1,"minecraft:bow":3,"minecraft:stone_pickaxe":1,"minecraft:wooden_pickaxe":1},"minecraft:used":{"minecraft:writable_book":1,"minecraft:ladder":6,"minecraft:chest":17,"minecraft:shield":86,"minecraft:iron_sword":474,"minecraft:rotten_flesh":1,"minecraft:iron_chestplate":1,"openblocks:elevator_block":2,"minecraft:jungle_planks":69,"minecraft:cracked_deepslate_tiles":6,"minecraft:honey_bottle":2,"minecraft:lava_bucket":1,"minecraft:lantern":9,"minecraft:grass_block":5,"minecraft:iron_helmet":1,"minecraft:stone_bricks":1,"minecraft:item_frame":1,"minecraft:bow":3,"minecraft:mangrove_roots":1,"supplementaries:ash":5,"minecraft:oak_sapling":1,"minecraft:furnace":3,"minecraft:skeleton_skull":6,"minecraft:potato":3,"travelersbackpack:spider":7,"travelersbackpack:cow":10,"minecraft:diamond_boots":1,"minecraft:cow_spawn_egg":6,"minecraft:wither_skeleton_skull":2,"minecraft:stone_pickaxe":54,"minecraft:oak_planks":151,"minecraft:wooden_pickaxe":18,"minecraft:cookie":2,"minecraft:golden_apple":2,"graveyard:small_light_gray_urn":1,"minecraft:blast_furnace":2,"minecraft:black_bed":5,"minecraft:deepslate_tiles":7,"minecraft:acacia_door":7,"minecraft:zombie_head":1,"minecraft:cyan_carpet":1,"minecraft:melon_slice":63,"minecraft:string":1,"minecraft:bread":54,"minecraft:deepslate":1,"graveyard:dark_iron_door":1,"minecraft:diamond_sword":126,"minecraft:smithing_table":1,"minecraft:cooked_rabbit":1,"minecraft:andesite":264,"minecraft:bone_meal":89,"minecraft:experience_bottle":5,"minecraft:oak_fence":22,"minecraft:white_tulip":1,"minecraft:iron_bars":5,"minecraft:stone_sword":66,"minecraft:flint_and_steel":6,"minecraft:cooked_chicken":5,"minecraft:oak_door":6,"minecraft:torch":228,"minecraft:dirt":167,"minecraft:anvil":1,"minecraft:hopper":11,"minecraft:diamond_helmet":1,"minecraft:iron_axe":183,"minecraft:oak_stairs":133,"minecraft:iron_boots":1,"minecraft:cooked_beef":1,"minecraft:cobbled_deepslate":25,"minecraft:acacia_planks":6,"minecraft:iron_leggings":1,"minecraft:wheat_seeds":75,"minecraft:cooked_mutton":13,"minecraft:water_bucket":49,"minecraft:cobblestone_stairs":17,"minecraft:glass_bottle":1,"minecraft:baked_potato":5,"minecraft:cobblestone_slab":30,"minecraft:polished_deepslate_slab":2,"minecraft:crafting_table":7,"minecraft:white_bed":1,"minecraft:campfire":1,"minecraft:smoker":4,"minecraft:oak_log":58,"minecraft:flower_pot":1,"minecraft:cornflower":6,"minecraft:diamond_shovel":273,"minecraft:oak_button":1,"minecraft:iron_pickaxe":1801,"minecraft:stone_axe":75,"minecraft:cobblestone":316,"minecraft:cooked_porkchop":9,"minecraft:jungle_door":2,"minecraft:bucket":58},"minecraft:broken":{"minecraft:iron_sword":2,"minecraft:iron_pickaxe":1},"minecraft:picked_up":{"minecraft:iron_chestplate":1,"minecraft:wheat":179,"minecraft:flower_pot":6,"minecraft:stone_slab":4,"minecraft:diamond_sword":1,"minecraft:oak_stairs":10,"minecraft:wither_rose":8,"minecraft:enchanted_book":1,"travelersbackpack:spider":2,"minecraft:amethyst_block":1,"minecraft:string":76,"minecraft:raw_copper":22,"minecraft:iron_leggings":1,"minecraft:armor_stand":3,"minecraft:experience_bottle":1,"minecraft:zombie_head":1,"minecraft:beetroot":1,"minecraft:deepslate_tiles":11,"minecraft:cobbled_deepslate":53,"bosses_of_mass_destruction:soul_star":1,"minecraft:white_tulip":15,"minecraft:redstone_torch":2,"minecraft:cobblestone_slab":9,"minecraft:azalea":25,"minecraft:iron_pickaxe":10,"minecraft:enchanted_golden_apple":1,"minecraft:melon_slice":67,"minecraft:coal_block":20,"minecraft:iron_boots":1,"minecraft:furnace":5,"minecraft:golden_helmet":1,"minecraft:stick":46,"minecraft:jungle_door":2,"minecraft:oak_fence":14,"minecraft:torch":27,"minecraft:acacia_log":11,"minecraft:spruce_stairs":3,"minecraft:porkchop":5,"minecraft:rotten_flesh":31,"supplementaries:antique_ink":3,"minecraft:mangrove_roots":2,"supplementaries:ash":10,"minecraft:deepslate_brick_stairs":2,"minecraft:iron_bars":9,"minecraft:cobblestone":775,"minecraft:nautilus_shell":1,"minecraft:leather_chestplate":6,"minecraft:feather":10,"minecraft:lilac":1,"minecraft:andesite":531,"minecraft:water_bucket":1,"minecraft:jungle_log":31,"minecraft:black_bed":5,"minecraft:smoker":3,"minecraft:potato":33,"minecraft:tuff":21,"supplementaries:flax_seeds":4,"graveyard:dark_iron_door":1,"minecraft:wither_skeleton_skull":1,"minecraft:map":1,"minecraft:dirt":277,"minecraft:lantern":4,"minecraft:bone":31,"minecraft:acacia_planks":6,"minecraft:bow":6,"minecraft:wheat_seeds":419,"minecraft:deepslate_brick_slab":3,"minecraft:raw_gold":23,"minecraft:cobbled_deepslate_slab":2,"minecraft:cyan_candle":6,"minecraft:diamond_helmet":1,"minecraft:oak_planks":121,"minecraft:cooked_porkchop":14,"minecraft:poisonous_potato":1,"minecraft:sand":24,"minecraft:jungle_planks":43,"minecraft:bundle":2,"minecraft:diamond":52,"minecraft:writable_book":1,"minecraft:emerald":13,"minecraft:bread":17,"minecraft:oak_sapling":9,"minecraft:crafting_table":4,"minecraft:allium":24,"minecraft:chicken":3,"minecraft:ladder":3,"minecraft:leather_leggings":7,"minecraft:brown_mushroom":1,"minecraft:cooked_rabbit":1,"minecraft:shield":1,"minecraft:stripped_mangrove_log":1,"minecraft:cornflower":7,"minecraft:oak_trapdoor":1,"minecraft:iron_axe":2,"minecraft:acacia_door":13,"minecraft:flint_and_steel":1,"minecraft:item_frame":3,"minecraft:white_carpet":4,"minecraft:cyan_carpet":2,"graveyard:corruption":29,"minecraft:beef":31,"minecraft:iron_nugget":26,"minecraft:poppy":1,"minecraft:chest":10,"minecraft:sugar_cane":9,"minecraft:birch_sapling":2,"minecraft:spruce_trapdoor":4,"minecraft:raw_iron":188,"minecraft:polished_deepslate_slab":2,"minecraft:oak_door":5,"minecraft:stone_button":2,"minecraft:carrot":1,"minecraft:stone_pressure_plate":9,"minecraft:jungle_sign":1,"minecraft:arrow":18,"minecraft:beetroot_seeds":1,"minecraft:deepslate_bricks":5,"minecraft:shears":1,"minecraft:diamond_boots":3,"minecraft:hay_block":23,"minecraft:totem_of_undying":1,"minecraft:mutton":8,"minecraft:skeleton_skull":6,"minecraft:white_wool":34,"minecraft:cracked_deepslate_tiles":7,"minecraft:glow_ink_sac":3,"minecraft:leather":16,"graveyard:small_light_gray_urn":3,"minecraft:oak_log":48,"minecraft:gunpowder":1,"minecraft:cobblestone_stairs":17,"minecraft:cooked_mutton":9,"travelersbackpack:cow":3,"minecraft:stone_bricks":2,"minecraft:iron_ingot":29,"minecraft:cooked_chicken":2,"minecraft:cobweb":7,"minecraft:iron_sword":5,"minecraft:acacia_sapling":3,"minecraft:book":24,"minecraft:oak_slab":8,"minecraft:smooth_basalt":3,"minecraft:dandelion":4,"minecraft:raw_iron_block":5,"minecraft:white_bed":2,"minecraft:dark_oak_fence_gate":1,"minecraft:spider_eye":1,"minecraft:leather_helmet":6,"travelersbackpack:standard":1,"minecraft:oak_wood":19,"minecraft:firework_rocket":1,"minecraft:iron_helmet":1,"minecraft:warped_roots":3,"minecraft:baked_potato":5,"minecraft:black_wool":2,"minecraft:coal":249,"minecraft:hopper":14,"minecraft:ender_pearl":1},"minecraft:custom":{"minecraft:animals_bred":21,"minecraft:interact_with_crafting_table":90,"minecraft:open_barrel":23,"minecraft:bell_ring":4,"minecraft:leave_game":2,"minecraft:time_since_death":312658,"minecraft:sprint_one_cm":805779,"minecraft:damage_blocked_by_shield":2214,"minecraft:drop":216,"minecraft:talked_to_villager":4,"minecraft:play_time":466016,"minecraft:deaths":1,"minecraft:interact_with_brewingstand":1,"minecraft:jump":8536,"minecraft:walk_on_water_one_cm":62414,"minecraft:interact_with_furnace":74,"minecraft:sleep_in_bed":10,"minecraft:damage_dealt":30373,"minecraft:player_kills":1,"minecraft:crouch_one_cm":114708,"minecraft:interact_with_smoker":22,"minecraft:inspect_dispenser":3,"minecraft:interact_with_smithing_table":9,"minecraft:interact_with_anvil":12,"minecraft:mob_kills":174,"minecraft:inspect_hopper":1,"minecraft:climb_one_cm":24035,"minecraft:walk_one_cm":1251719,"minecraft:sneak_time":42576,"minecraft:walk_under_water_one_cm":47675,"minecraft:interact_with_lectern":6,"minecraft:interact_with_blast_furnace":41,"minecraft:total_world_time":466016,"minecraft:interact_with_grindstone":4,"minecraft:time_since_rest":21456,"minecraft:damage_taken":6167,"minecraft:swim_one_cm":86839,"minecraft:fly_one_cm":1019489,"minecraft:open_chest":147,"minecraft:fall_one_cm":199097},"minecraft:crafted":{"minecraft:black_dye":1,"minecraft:smooth_stone":6,"minecraft:oak_planks":240,"minecraft:cobblestone_slab":24,"travelersbackpack:crafting_upgrade":1,"minecraft:cooked_chicken":3,"openblocks:elevator_block":2,"minecraft:stone":6,"minecraft:cobblestone_stairs":76,"minecraft:diamond_shovel":1,"minecraft:cooked_mutton":8,"minecraft:glass":24,"minecraft:diamond_helmet":1,"minecraft:iron_boots":1,"minecraft:chest":12,"minecraft:oak_button":1,"minecraft:oak_fence":48,"minecraft:smoker":2,"minecraft:glass_bottle":3,"travelersbackpack:iron_tier_upgrade":2,"minecraft:cooked_porkchop":5,"minecraft:crafting_table":5,"minecraft:iron_helmet":1,"minecraft:wooden_pickaxe":1,"minecraft:baked_potato":11,"travelersbackpack:standard":1,"minecraft:smithing_table":1,"minecraft:campfire":1,"minecraft:iron_chestplate":1,"minecraft:shield":2,"minecraft:stick":84,"minecraft:iron_ingot":410,"minecraft:iron_pickaxe":1,"minecraft:iron_block":35,"minecraft:stone_sword":1,"minecraft:acacia_door":9,"minecraft:gold_ingot":105,"minecraft:black_bed":1,"travelersbackpack:cow":1,"minecraft:shears":1,"minecraft:raw_iron":63,"minecraft:furnace":4,"minecraft:blast_furnace":2,"minecraft:bone_meal":135,"travelersbackpack:blank_upgrade":4,"travelersbackpack:gold_tier_upgrade":1,"minecraft:flint_and_steel":1,"minecraft:iron_axe":1,"minecraft:ladder":3,"minecraft:stone_pickaxe":1,"travelersbackpack:spider":1,"minecraft:wheat":207,"minecraft:cooked_beef":11,"minecraft:diamond_sword":1,"travelersbackpack:backpack_tank":2,"minecraft:iron_sword":1,"minecraft:stone_axe":1,"minecraft:bread":71,"minecraft:air":0,"minecraft:jungle_planks":108,"minecraft:raw_gold":9,"minecraft:iron_leggings":1,"minecraft:anvil":1,"minecraft:white_bed":3,"minecraft:acacia_planks":44,"minecraft:torch":172,"minecraft:diamond_chestplate":1},"minecraft:killed":{"minecraft:cave_spider":1,"minecraft:spider":1,"graveyard:wraith":17,"naturalist:boar":3,"naturalist:snail":2,"minecraft:skeleton":20,"graveyard:acolyte":1,"minecraft:chicken":5,"minecraft:pig":9,"minecraft:zombie_villager":2,"minecraft:iron_golem":1,"minecraft:creeper":2,"minecraft:sheep":4,"minecraft:zombie":67,"graveyard:corrupted_pillager":1,"minecraft:cow":16,"minecraft:vex":1,"graveyard:corrupted_vindicator":7,"minecraft:phantom":1,"naturalist:coral_snake":2,"naturalist:giraffe":2,"naturalist:bluejay":2,"minecraft:rabbit":1,"naturalist:canary":1,"minecraft:player":1,"minecraft:villager":1}},"DataVersion":3465}