{"stats":{"minecraft:used":{"minecraft:stone_sword":50,"minecraft:stone_pickaxe":34,"minecraft:oak_planks":14,"minecraft:wooden_pickaxe":18,"minecraft:rotten_flesh":1,"minecraft:dirt":5,"minecraft:crafting_table":3,"minecraft:acacia_door":7,"minecraft:bread":1,"minecraft:melon_slice":44,"minecraft:iron_pickaxe":24,"minecraft:stone_axe":54,"minecraft:mangrove_roots":1,"minecraft:oak_sapling":1,"minecraft:andesite":1},"minecraft:picked_up":{"minecraft:crafting_table":1,"minecraft:feather":1,"minecraft:chicken":2,"minecraft:jungle_log":15,"minecraft:andesite":1,"minecraft:stone_slab":1,"minecraft:stripped_mangrove_log":1,"minecraft:dirt":6,"minecraft:acacia_door":3,"minecraft:cooked_mutton":2,"minecraft:wheat_seeds":2,"minecraft:melon_slice":67,"minecraft:oak_planks":66,"minecraft:acacia_sapling":3,"minecraft:stick":16,"minecraft:raw_iron":5,"minecraft:acacia_log":11,"minecraft:oak_wood":19,"minecraft:arrow":2,"minecraft:rotten_flesh":2,"minecraft:mangrove_roots":2,"minecraft:bread":1,"minecraft:oak_sapling":9,"minecraft:coal":20,"minecraft:cobblestone":45},"minecraft:crafted":{"minecraft:oak_planks":76,"minecraft:crafting_table":2,"minecraft:wooden_pickaxe":1,"minecraft:stone_axe":1,"minecraft:jungle_planks":60,"minecraft:stick":4,"minecraft:stone_pickaxe":1,"minecraft:stone_sword":1,"minecraft:acacia_door":9,"minecraft:acacia_planks":44},"minecraft:killed":{"naturalist:snail":1,"naturalist:coral_snake":1,"minecraft:zombie":6,"minecraft:chicken":2,"minecraft:player":1,"naturalist:giraffe":2},"minecraft:custom":{"minecraft:mob_kills":14,"minecraft:interact_with_crafting_table":7,"minecraft:open_barrel":1,"minecraft:time_since_death":51002,"minecraft:climb_one_cm":6283,"minecraft:time_since_rest":51002,"minecraft:sprint_one_cm":56643,"minecraft:damage_taken":835,"minecraft:walk_one_cm":198119,"minecraft:drop":17,"minecraft:damage_dealt":2015,"minecraft:swim_one_cm":42039,"minecraft:fly_one_cm":53941,"minecraft:player_kills":1,"minecraft:open_chest":1,"minecraft:crouch_one_cm":5021,"minecraft:play_time":51002,"minecraft:sneak_time":2665,"minecraft:walk_under_water_one_cm":19775,"minecraft:jump":2411,"minecraft:walk_on_water_one_cm":14436,"minecraft:total_world_time":51002,"minecraft:fall_one_cm":18297},"minecraft:mined":{"minecraft:stripped_mangrove_log":1,"minecraft:mangrove_roots":2,"minecraft:crafting_table":1,"minecraft:grass_block":4,"minecraft:melon":15,"minecraft:dead_bush":1,"minecraft:stone_slab":1,"minecraft:oak_planks":2,"minecraft:mangrove_propagule":1,"minecraft:iron_ore":3,"minecraft:andesite":1,"treechop:chopped_log":2,"minecraft:mangrove_leaves":2,"minecraft:grass":17,"minecraft:coal_ore":21,"minecraft:dirt":1,"minecraft:acacia_door":3,"minecraft:stone":48,"minecraft:oak_leaves":2,"minecraft:fern":2},"minecraft:dropped":{"minecraft:stripped_mangrove_log":1,"minecraft:wheat_seeds":2,"minecraft:mangrove_roots":1,"minecraft:feather":1,"minecraft:rotten_flesh":1,"minecraft:oak_planks":64,"minecraft:dirt":1,"minecraft:acacia_sapling":3,"minecraft:oak_sapling":8,"minecraft:wooden_pickaxe":1}},"DataVersion":3465}