{"stats":{"minecraft:mined":{"minecraft:white_bed":1,"graveyard:gray_urn":1,"minecraft:spruce_trapdoor":4,"minecraft:cave_vines_plant":2,"minecraft:grass_block":5,"minecraft:deepslate_bricks":8,"minecraft:coal_block":10,"minecraft:potted_fern":1,"minecraft:tall_seagrass":1,"minecraft:iron_ore":35,"minecraft:cobbled_deepslate":1,"minecraft:skeleton_wall_skull":1,"minecraft:polished_deepslate_slab":3,"minecraft:flowering_azalea_leaves":2,"minecraft:iron_bars":5,"minecraft:deepslate_brick_stairs":4,"graveyard:light_gray_urn":1,"minecraft:potted_brown_mushroom":1,"minecraft:polished_deepslate_stairs":3,"minecraft:smoker":2,"minecraft:torch":2,"minecraft:melon":15,"minecraft:potted_warped_roots":1,"minecraft:dead_bush":1,"minecraft:cobblestone":5,"minecraft:oak_planks":2,"minecraft:sugar_cane":4,"minecraft:wall_torch":1,"minecraft:amethyst_block":1,"minecraft:skeleton_skull":1,"minecraft:wheat":57,"minecraft:black_bed":4,"minecraft:yellow_stained_glass_pane":2,"minecraft:grass":24,"minecraft:cracked_deepslate_tiles":9,"minecraft:sand":24,"minecraft:dirt":18,"minecraft:smooth_basalt":3,"minecraft:wither_skeleton_skull":1,"minecraft:oak_leaves":2,"minecraft:cyan_candle":1,"minecraft:deepslate":19,"minecraft:deepslate_tiles":9,"minecraft:stripped_mangrove_log":1,"minecraft:deepslate_diamond_ore":1,"minecraft:mangrove_roots":2,"minecraft:cobbled_deepslate_slab":1,"minecraft:spruce_leaves":1,"minecraft:mangrove_propagule":1,"minecraft:large_fern":2,"minecraft:hay_block":12,"minecraft:deepslate_brick_slab":2,"minecraft:furnace":2,"minecraft:carrots":1,"minecraft:andesite":12,"treechop:chopped_log":2,"minecraft:bookshelf":7,"minecraft:potatoes":1,"minecraft:deepslate_iron_ore":11,"minecraft:stone":121,"minecraft:magenta_stained_glass":1,"graveyard:small_light_gray_urn":3,"minecraft:oak_fence":3,"minecraft:crafting_table":3,"minecraft:stone_slab":1,"minecraft:tall_grass":1,"supplementaries:urn":3,"graveyard:vase_block":8,"minecraft:purple_stained_glass":1,"minecraft:birch_leaves":3,"minecraft:mangrove_leaves":2,"minecraft:coal_ore":35,"travelersbackpack:cow":1,"minecraft:zombie_head":1,"minecraft:acacia_door":3,"minecraft:cobweb":51,"minecraft:acacia_planks":2,"minecraft:stone_bricks":1,"minecraft:gold_ore":5,"minecraft:fern":4},"minecraft:broken":{"minecraft:iron_sword":1},"minecraft:dropped":{"minecraft:iron_sword":2,"minecraft:brown_mushroom":1,"minecraft:glow_ink_sac":3,"minecraft:cooked_porkchop":2,"minecraft:warped_roots":3,"minecraft:leather":1,"travelersbackpack:iron_tier_upgrade":1,"travelersbackpack:standard":1,"graveyard:corruption":8,"minecraft:dirt":1,"minecraft:iron_pickaxe":2,"minecraft:acacia_door":10,"minecraft:white_wool":5,"minecraft:white_tulip":6,"minecraft:mangrove_roots":1,"minecraft:birch_sapling":1,"minecraft:deepslate_brick_slab":3,"minecraft:rotten_flesh":6,"minecraft:oak_planks":64,"minecraft:white_bed":3,"minecraft:poppy":1,"minecraft:deepslate_tiles":1,"minecraft:gunpowder":2,"minecraft:skeleton_skull":1,"minecraft:acacia_sapling":3,"minecraft:arrow":4,"minecraft:written_book":1,"minecraft:iron_ingot":10,"minecraft:stripped_mangrove_log":1,"minecraft:wheat_seeds":216,"minecraft:golden_helmet":1,"minecraft:lilac":1,"minecraft:feather":8,"minecraft:cobblestone":33,"minecraft:cobweb":7,"minecraft:melon_slice":4,"minecraft:wither_rose":6,"minecraft:cyan_candle":3,"minecraft:string":2,"minecraft:dandelion":4,"minecraft:stone_sword":1,"minecraft:stone_slab":1,"minecraft:cobbled_deepslate_slab":1,"minecraft:totem_of_undying":1,"minecraft:deepslate_bricks":5,"graveyard:small_light_gray_urn":1,"minecraft:shield":1,"minecraft:flower_pot":3,"minecraft:allium":24,"minecraft:andesite":3,"minecraft:oak_sapling":8,"minecraft:stone_pressure_plate":6,"minecraft:stone_pickaxe":1,"minecraft:wooden_pickaxe":1},"minecraft:crafted":{"minecraft:black_dye":1,"minecraft:oak_planks":76,"minecraft:smooth_stone":5,"minecraft:cooked_chicken":3,"minecraft:stone":5,"minecraft:cooked_mutton":6,"minecraft:glass":17,"minecraft:iron_boots":1,"minecraft:chest":6,"minecraft:smoker":2,"travelersbackpack:iron_tier_upgrade":2,"minecraft:crafting_table":2,"minecraft:wooden_pickaxe":1,"minecraft:baked_potato":11,"minecraft:iron_helmet":1,"minecraft:smithing_table":1,"minecraft:iron_chestplate":1,"minecraft:shield":2,"minecraft:stick":4,"minecraft:iron_ingot":54,"minecraft:iron_pickaxe":1,"minecraft:stone_sword":1,"minecraft:acacia_door":9,"minecraft:gold_ingot":16,"minecraft:black_bed":1,"minecraft:shears":1,"minecraft:furnace":3,"minecraft:blast_furnace":1,"travelersbackpack:blank_upgrade":4,"travelersbackpack:gold_tier_upgrade":1,"minecraft:flint_and_steel":1,"minecraft:iron_axe":1,"minecraft:stone_pickaxe":1,"minecraft:wheat":108,"travelersbackpack:backpack_tank":2,"minecraft:iron_sword":1,"minecraft:stone_axe":1,"minecraft:bread":54,"minecraft:air":0,"minecraft:jungle_planks":108,"minecraft:iron_leggings":1,"minecraft:white_bed":3,"minecraft:acacia_planks":44,"minecraft:torch":72},"minecraft:killed":{"minecraft:spider":1,"graveyard:wraith":7,"naturalist:boar":3,"naturalist:snail":2,"minecraft:skeleton":2,"graveyard:acolyte":1,"minecraft:chicken":4,"minecraft:pig":6,"minecraft:iron_golem":1,"minecraft:sheep":3,"minecraft:zombie":12,"minecraft:vex":1,"graveyard:corrupted_vindicator":3,"minecraft:phantom":1,"naturalist:coral_snake":2,"naturalist:giraffe":2,"naturalist:bluejay":2,"minecraft:rabbit":1,"naturalist:canary":1,"minecraft:player":1},"minecraft:custom":{"minecraft:interact_with_crafting_table":51,"minecraft:open_barrel":6,"minecraft:bell_ring":4,"minecraft:time_since_death":52895,"minecraft:sprint_one_cm":337467,"minecraft:damage_blocked_by_shield":708,"minecraft:drop":109,"minecraft:talked_to_villager":3,"minecraft:play_time":206253,"minecraft:deaths":1,"minecraft:jump":5065,"minecraft:interact_with_brewingstand":1,"minecraft:walk_on_water_one_cm":38779,"minecraft:interact_with_furnace":40,"minecraft:sleep_in_bed":7,"minecraft:damage_dealt":9907,"minecraft:player_kills":1,"minecraft:crouch_one_cm":17903,"minecraft:interact_with_smoker":11,"minecraft:interact_with_smithing_table":4,"minecraft:mob_kills":57,"minecraft:climb_one_cm":18155,"minecraft:walk_one_cm":554765,"minecraft:sneak_time":10225,"minecraft:walk_under_water_one_cm":33796,"minecraft:interact_with_lectern":3,"minecraft:interact_with_blast_furnace":9,"minecraft:total_world_time":206253,"minecraft:time_since_rest":29107,"minecraft:damage_taken":3791,"minecraft:swim_one_cm":76938,"minecraft:fly_one_cm":450971,"minecraft:open_chest":44,"minecraft:fall_one_cm":101251},"minecraft:picked_up":{"minecraft:iron_chestplate":1,"minecraft:wheat":108,"minecraft:flower_pot":6,"minecraft:stone_slab":1,"minecraft:wither_rose":8,"minecraft:amethyst_block":1,"minecraft:string":51,"minecraft:iron_leggings":1,"minecraft:zombie_head":1,"minecraft:experience_bottle":1,"minecraft:deepslate_tiles":7,"minecraft:cobbled_deepslate":19,"minecraft:white_tulip":6,"minecraft:azalea":11,"minecraft:iron_pickaxe":3,"minecraft:melon_slice":67,"minecraft:coal_block":20,"minecraft:iron_boots":1,"minecraft:furnace":5,"minecraft:golden_helmet":1,"minecraft:stick":39,"minecraft:jungle_door":2,"minecraft:oak_fence":3,"minecraft:torch":4,"minecraft:acacia_log":11,"minecraft:rotten_flesh":7,"minecraft:mangrove_roots":2,"minecraft:deepslate_brick_stairs":2,"minecraft:iron_bars":5,"minecraft:cobblestone":187,"minecraft:nautilus_shell":1,"minecraft:feather":10,"minecraft:lilac":1,"minecraft:andesite":11,"minecraft:water_bucket":1,"minecraft:jungle_log":31,"minecraft:black_bed":5,"minecraft:smoker":3,"minecraft:potato":8,"minecraft:wither_skeleton_skull":1,"minecraft:dirt":23,"minecraft:lantern":2,"minecraft:bone":12,"minecraft:acacia_planks":6,"minecraft:bow":2,"minecraft:wheat_seeds":216,"minecraft:deepslate_brick_slab":3,"minecraft:raw_gold":5,"minecraft:cobbled_deepslate_slab":2,"minecraft:cyan_candle":6,"minecraft:oak_planks":107,"minecraft:cooked_porkchop":14,"minecraft:jungle_planks":41,"minecraft:sand":24,"minecraft:diamond":1,"minecraft:bread":9,"minecraft:emerald":6,"minecraft:oak_sapling":9,"minecraft:crafting_table":4,"minecraft:allium":24,"minecraft:chicken":2,"minecraft:brown_mushroom":1,"minecraft:cooked_rabbit":1,"minecraft:shield":1,"minecraft:stripped_mangrove_log":1,"minecraft:acacia_door":13,"minecraft:iron_axe":1,"minecraft:flint_and_steel":1,"minecraft:item_frame":1,"graveyard:corruption":25,"minecraft:iron_nugget":26,"minecraft:poppy":1,"minecraft:sugar_cane":9,"minecraft:birch_sapling":2,"minecraft:spruce_trapdoor":4,"minecraft:raw_iron":45,"minecraft:polished_deepslate_slab":2,"minecraft:carrot":1,"minecraft:stone_pressure_plate":9,"minecraft:arrow":5,"minecraft:shears":1,"minecraft:deepslate_bricks":5,"minecraft:hay_block":12,"minecraft:totem_of_undying":1,"minecraft:mutton":6,"minecraft:skeleton_skull":4,"minecraft:white_wool":21,"minecraft:cracked_deepslate_tiles":6,"minecraft:glow_ink_sac":3,"minecraft:leather":3,"graveyard:small_light_gray_urn":3,"minecraft:oak_log":4,"minecraft:gunpowder":1,"minecraft:cooked_mutton":9,"travelersbackpack:cow":2,"minecraft:stone_bricks":1,"minecraft:iron_ingot":6,"minecraft:cooked_chicken":2,"minecraft:cobweb":7,"minecraft:acacia_sapling":3,"minecraft:iron_sword":5,"minecraft:book":24,"minecraft:smooth_basalt":3,"minecraft:dandelion":4,"minecraft:white_bed":2,"travelersbackpack:standard":1,"minecraft:oak_wood":19,"minecraft:warped_roots":3,"minecraft:baked_potato":5,"minecraft:black_wool":2,"minecraft:coal":117},"minecraft:used":{"minecraft:writable_book":1,"minecraft:chest":5,"minecraft:shield":29,"minecraft:iron_sword":264,"minecraft:rotten_flesh":1,"minecraft:iron_chestplate":1,"minecraft:jungle_planks":20,"minecraft:cracked_deepslate_tiles":6,"minecraft:iron_helmet":1,"minecraft:item_frame":1,"minecraft:mangrove_roots":1,"minecraft:oak_sapling":1,"minecraft:furnace":3,"minecraft:skeleton_skull":3,"travelersbackpack:cow":4,"minecraft:stone_pickaxe":54,"minecraft:oak_planks":37,"minecraft:wooden_pickaxe":18,"minecraft:golden_apple":1,"minecraft:blast_furnace":1,"minecraft:black_bed":5,"minecraft:deepslate_tiles":6,"minecraft:acacia_door":7,"minecraft:zombie_head":1,"minecraft:bread":15,"minecraft:melon_slice":63,"minecraft:string":1,"minecraft:smithing_table":1,"minecraft:andesite":8,"minecraft:cooked_rabbit":1,"minecraft:experience_bottle":1,"minecraft:iron_bars":5,"minecraft:stone_sword":66,"minecraft:flint_and_steel":6,"minecraft:cooked_chicken":5,"minecraft:torch":47,"minecraft:dirt":5,"minecraft:iron_axe":17,"minecraft:iron_boots":1,"minecraft:cobbled_deepslate":11,"minecraft:acacia_planks":6,"minecraft:iron_leggings":1,"minecraft:cooked_mutton":9,"minecraft:water_bucket":25,"minecraft:polished_deepslate_slab":2,"minecraft:crafting_table":5,"minecraft:white_bed":1,"minecraft:smoker":4,"minecraft:flower_pot":1,"minecraft:iron_pickaxe":271,"minecraft:stone_axe":75,"minecraft:cobblestone":55,"minecraft:cooked_porkchop":6,"minecraft:jungle_door":2,"minecraft:bucket":35}},"DataVersion":3465}