{"stats":{"minecraft:picked_up":{"minecraft:allium":1,"minecraft:lilac":2,"minecraft:golden_carrot":32,"minecraft:wheat_seeds":3,"minecraft:glow_berries":1},"minecraft:mined":{"minecraft:grass":4,"minecraft:cave_vines_plant":1},"minecraft:used":{"minecraft:golden_carrot":4},"minecraft:custom":{"minecraft:open_barrel":1,"minecraft:time_since_rest":1829,"minecraft:open_chest":1,"minecraft:deaths":1,"minecraft:crouch_one_cm":58,"minecraft:sprint_one_cm":11316,"minecraft:play_time":23982,"minecraft:damage_taken":876,"minecraft:walk_one_cm":25294,"minecraft:sneak_time":2526,"minecraft:walk_under_water_one_cm":438,"minecraft:jump":143,"minecraft:damage_dealt":139,"minecraft:leave_game":3,"minecraft:walk_on_water_one_cm":411,"minecraft:time_since_death":1297,"minecraft:climb_one_cm":645,"minecraft:total_world_time":23982,"minecraft:swim_one_cm":1176,"minecraft:fall_one_cm":7543,"minecraft:fly_one_cm":14661,"minecraft:player_kills":1}},"DataVersion":3465}