{"stats":{"minecraft:mined":{"minecraft:deepslate_tiles":1,"minecraft:soul_lantern":1,"minecraft:grass_block":6,"minecraft:melon":20,"graveyard:dark_iron_door":1,"minecraft:cobblestone":10,"minecraft:sugar_cane":9,"minecraft:coarse_dirt":1,"minecraft:iron_ore":10,"treechop:chopped_log":6,"minecraft:mangrove_leaves":2,"minecraft:grass":12,"minecraft:coal_ore":58,"minecraft:vine":12,"minecraft:ochre_froglight":1,"minecraft:lantern":1,"minecraft:dirt":4,"minecraft:deepslate_brick_stairs":1,"minecraft:cobweb":4,"minecraft:bamboo":2,"minecraft:acacia_planks":1,"minecraft:stone":59,"minecraft:oak_leaves":3,"minecraft:fern":1},"minecraft:broken":{"minecraft:stone_axe":1},"minecraft:dropped":{"minecraft:iron_ingot":1,"minecraft:stone_axe":1,"minecraft:oak_log":4,"minecraft:deepslate_tiles":4,"minecraft:wooden_axe":1,"minecraft:melon_slice":12,"minecraft:jungle_door":1,"minecraft:arrow":7,"minecraft:wooden_pickaxe":1},"minecraft:crafted":{"minecraft:crafting_table":3,"minecraft:wooden_pickaxe":1,"minecraft:stone_axe":1,"naturalist:cooked_bass":1,"minecraft:iron_chestplate":1,"minecraft:stick":12,"minecraft:iron_pickaxe":2,"minecraft:stone_pickaxe":1,"minecraft:wooden_axe":1,"minecraft:stone_sword":1,"minecraft:acacia_planks":72,"minecraft:torch":24},"minecraft:killed":{"graveyard:wraith":6,"creeperoverhaul:bamboo_creeper":1,"minecraft:skeleton":2,"minecraft:zombie":4},"minecraft:custom":{"minecraft:interact_with_furnace":9,"minecraft:mob_kills":13,"minecraft:interact_with_crafting_table":14,"minecraft:open_barrel":3,"minecraft:time_since_death":73126,"minecraft:climb_one_cm":8167,"minecraft:time_since_rest":73155,"minecraft:damage_absorbed":40,"minecraft:sprint_one_cm":154943,"minecraft:damage_taken":2998,"minecraft:walk_one_cm":157327,"minecraft:damage_blocked_by_shield":387,"minecraft:drop":20,"minecraft:damage_dealt":3527,"minecraft:swim_one_cm":57058,"minecraft:fly_one_cm":122373,"minecraft:open_chest":2,"minecraft:crouch_one_cm":3206,"minecraft:play_time":81914,"minecraft:sneak_time":6045,"minecraft:deaths":1,"minecraft:walk_under_water_one_cm":14604,"minecraft:jump":2223,"minecraft:walk_on_water_one_cm":20680,"minecraft:interact_with_smoker":2,"minecraft:total_world_time":81914,"minecraft:fall_one_cm":36574},"minecraft:picked_up":{"minecraft:cracked_deepslate_tiles":1,"minecraft:coarse_dirt":1,"minecraft:jungle_log":152,"minecraft:ochre_froglight":1,"minecraft:oak_log":4,"graveyard:dark_iron_door":1,"minecraft:shield":1,"minecraft:dirt":9,"minecraft:string":4,"minecraft:lantern":1,"minecraft:moss_carpet":1,"naturalist:bass":1,"minecraft:bone":2,"minecraft:acacia_planks":1,"graveyard:corruption":1,"minecraft:deepslate_tiles":4,"minecraft:wheat_seeds":1,"minecraft:iron_ingot":2,"minecraft:jungle_sapling":4,"minecraft:bamboo":20,"minecraft:melon_slice":105,"minecraft:sugar_cane":14,"minecraft:acacia_sapling":7,"minecraft:egg":1,"minecraft:stick":13,"minecraft:raw_iron":10,"minecraft:jungle_door":1,"minecraft:torch":2,"minecraft:acacia_log":18,"minecraft:arrow":1,"minecraft:rotten_flesh":4,"minecraft:stone_axe":1,"minecraft:soul_lantern":1,"minecraft:mangrove_roots":1,"minecraft:emerald":1,"minecraft:oak_sapling":2,"minecraft:deepslate_brick_stairs":2,"minecraft:coal":57,"minecraft:cobblestone":67},"minecraft:used":{"minecraft:stone_pickaxe":118,"minecraft:shield":11,"minecraft:wooden_pickaxe":32,"minecraft:iron_sword":41,"minecraft:iron_chestplate":1,"minecraft:torch":9,"minecraft:golden_apple":1,"minecraft:dirt":8,"minecraft:crafting_table":3,"minecraft:acacia_sapling":4,"naturalist:cooked_bass":1,"minecraft:lantern":1,"minecraft:melon_slice":93,"minecraft:iron_pickaxe":1,"minecraft:stone_axe":126,"minecraft:cobblestone":59,"minecraft:acacia_planks":25},"minecraft:killed_by":{"minecraft:player":1}},"DataVersion":3465}