{"stats":{"minecraft:crafted":{"naturalist:cooked_duck":1,"minecraft:cooked_chicken":3,"naturalist:cooked_bass":4,"minecraft:hopper":10,"minecraft:diamond_leggings":1,"minecraft:diamond_helmet":1,"minecraft:bow":1,"minecraft:iron_boots":1,"minecraft:chest":14,"minecraft:crafting_table":6,"travelersbackpack:standard":1,"minecraft:wooden_pickaxe":1,"minecraft:iron_helmet":1,"travelersbackpack:emerald":1,"minecraft:iron_chestplate":1,"minecraft:diamond_pickaxe":2,"minecraft:stick":56,"minecraft:iron_ingot":29,"minecraft:iron_pickaxe":2,"minecraft:stone_sword":1,"minecraft:furnace":1,"minecraft:stone_pickaxe":1,"minecraft:bucket":1,"minecraft:stone_axe":1,"minecraft:bread":6,"minecraft:jungle_planks":596,"minecraft:wooden_axe":1,"minecraft:iron_leggings":1,"minecraft:acacia_planks":72,"minecraft:torch":152},"minecraft:killed":{"minecraft:cave_spider":2,"graveyard:skeleton_creeper":1,"minecraft:spider":1,"graveyard:wraith":22,"naturalist:boar":1,"creeperoverhaul:bamboo_creeper":1,"naturalist:snail":1,"minecraft:skeleton":9,"minecraft:chicken":4,"minecraft:creeper":1,"minecraft:sheep":4,"minecraft:pillager":3,"minecraft:zombie":22,"graveyard:corrupted_pillager":1,"minecraft:cow":2,"minecraft:vex":1,"graveyard:corrupted_vindicator":10,"naturalist:duck":1,"naturalist:bass":3,"naturalist:butterfly":1,"minecraft:villager":1,"minecraft:enderman":1},"minecraft:picked_up":{"minecraft:iron_chestplate":9,"minecraft:wheat":22,"minecraft:flower_pot":3,"minecraft:enchanted_book":2,"minecraft:string":14,"minecraft:raw_copper":17,"minecraft:iron_leggings":8,"minecraft:armor_stand":4,"minecraft:beetroot":2,"minecraft:deepslate_tiles":4,"minecraft:cobbled_deepslate":19,"minecraft:bucket":2,"minecraft:spruce_planks":2,"minecraft:cobblestone_slab":1,"minecraft:written_book":2,"minecraft:azalea":2,"minecraft:iron_pickaxe":6,"minecraft:melon_slice":105,"minecraft:coal_block":2,"minecraft:iron_boots":6,"minecraft:tipped_arrow":7,"minecraft:beehive":2,"minecraft:stick":13,"minecraft:jungle_door":1,"travelersbackpack:iron_tier_upgrade":1,"minecraft:torch":5,"minecraft:acacia_log":18,"minecraft:porkchop":3,"minecraft:rotten_flesh":16,"graveyard:gray_urn":1,"minecraft:carved_pumpkin":1,"minecraft:mangrove_roots":1,"supplementaries:ash":3,"minecraft:deepslate_brick_stairs":2,"minecraft:cod":2,"minecraft:cobblestone":211,"minecraft:oxidized_copper":4,"minecraft:feather":3,"minecraft:cooked_beef":5,"minecraft:andesite":62,"minecraft:jungle_log":184,"minecraft:potato":20,"minecraft:tuff":6,"graveyard:dark_iron_door":2,"supplementaries:flax_seeds":1,"minecraft:wither_skeleton_skull":1,"minecraft:lapis_lazuli":32,"minecraft:dirt":9,"minecraft:lantern":7,"minecraft:bone":42,"minecraft:purple_carpet":3,"minecraft:acacia_planks":1,"minecraft:bow":5,"minecraft:orange_tulip":1,"minecraft:wheat_seeds":54,"minecraft:bamboo":40,"minecraft:oak_planks":2,"minecraft:cooked_porkchop":4,"minecraft:jungle_planks":73,"minecraft:barrel":1,"minecraft:white_candle":8,"minecraft:diamond":18,"minecraft:soul_lantern":1,"minecraft:writable_book":1,"minecraft:crossbow":3,"minecraft:granite":2,"minecraft:bread":24,"minecraft:spruce_button":1,"minecraft:emerald":44,"minecraft:oak_sapling":2,"minecraft:coarse_dirt":2,"minecraft:mud":1,"minecraft:crafting_table":1,"minecraft:allium":1,"minecraft:azure_bluet":1,"minecraft:chicken":4,"minecraft:shield":1,"minecraft:iron_axe":1,"minecraft:moss_carpet":1,"minecraft:cyan_carpet":3,"graveyard:corruption":13,"minecraft:beef":6,"minecraft:jungle_sapling":4,"minecraft:sugar_cane":17,"minecraft:chest":2,"minecraft:egg":3,"minecraft:raw_iron":130,"naturalist:duck":1,"minecraft:polished_deepslate_slab":1,"minecraft:redstone":19,"minecraft:carrot":78,"minecraft:tnt":6,"minecraft:arrow":9,"minecraft:beetroot_seeds":7,"minecraft:glow_berries":1,"minecraft:mutton":6,"minecraft:white_wool":5,"minecraft:cracked_deepslate_tiles":1,"minecraft:leather":5,"minecraft:fern":1,"minecraft:ochre_froglight":1,"minecraft:oak_log":10,"minecraft:gunpowder":6,"naturalist:bass":4,"minecraft:cooked_mutton":3,"minecraft:iron_ingot":27,"minecraft:cobweb":10,"minecraft:cooked_chicken":2,"minecraft:acacia_sapling":7,"minecraft:book":135,"minecraft:scaffolding":2,"minecraft:dandelion":1,"minecraft:white_bed":6,"minecraft:spider_eye":1,"travelersbackpack:standard":1,"minecraft:slime_ball":1,"minecraft:stone_axe":1,"minecraft:iron_helmet":6,"minecraft:baked_potato":5,"graveyard:incarnated_evil_music_disc":1,"minecraft:coal":89,"minecraft:hopper":1},"minecraft:used":{"minecraft:chest":2,"minecraft:shield":78,"minecraft:iron_sword":350,"minecraft:iron_chestplate":2,"minecraft:jungle_planks":295,"minecraft:carrot":41,"minecraft:allium":1,"naturalist:cooked_bass":4,"minecraft:acacia_sapling":4,"minecraft:beehive":2,"travelersbackpack:emerald":1,"minecraft:lantern":1,"minecraft:iron_helmet":3,"minecraft:bow":1,"minecraft:written_book":1,"minecraft:scaffolding":2,"minecraft:furnace":1,"minecraft:egg":1,"minecraft:potato":20,"minecraft:stone_pickaxe":118,"minecraft:orange_tulip":1,"minecraft:wooden_pickaxe":32,"minecraft:white_wool":1,"minecraft:golden_apple":1,"minecraft:glow_berries":1,"minecraft:crossbow":3,"minecraft:bread":40,"minecraft:melon_slice":93,"graveyard:dark_iron_door":1,"naturalist:cooked_duck":1,"minecraft:andesite":34,"minecraft:coarse_dirt":1,"minecraft:golden_pickaxe":32,"minecraft:armor_stand":4,"minecraft:cooked_chicken":3,"minecraft:torch":91,"minecraft:dirt":8,"minecraft:iron_axe":78,"minecraft:iron_boots":2,"minecraft:cooked_beef":12,"minecraft:acacia_planks":49,"minecraft:iron_leggings":1,"minecraft:wheat_seeds":26,"minecraft:cooked_mutton":5,"minecraft:water_bucket":15,"minecraft:crafting_table":6,"minecraft:white_bed":5,"minecraft:iron_pickaxe":471,"minecraft:stone_axe":126,"minecraft:cobblestone":185,"travelersbackpack:standard":1,"minecraft:cooked_porkchop":4,"minecraft:porkchop":2,"minecraft:bucket":21,"minecraft:purple_carpet":3,"minecraft:dandelion":1},"minecraft:mined":{"minecraft:white_bed":4,"minecraft:carved_pumpkin":1,"minecraft:granite":1,"minecraft:grass_block":6,"graveyard:dark_iron_door":2,"minecraft:coal_block":2,"minecraft:spawner":2,"graveyard:wither_skull_with_rib_cage":1,"minecraft:tall_seagrass":1,"minecraft:iron_ore":84,"minecraft:barrel":1,"graveyard:leaning_wither_skeleton":1,"minecraft:deepslate_lapis_ore":6,"minecraft:sculk_shrieker":2,"minecraft:purple_carpet":3,"minecraft:deepslate_brick_stairs":1,"minecraft:deepslate_redstone_ore":4,"minecraft:soul_fire":6,"minecraft:soul_lantern":1,"minecraft:torch":2,"minecraft:melon":20,"minecraft:cobblestone":60,"graveyard:skeleton_hand":1,"minecraft:sugar_cane":10,"minecraft:oak_planks":1,"minecraft:wheat":20,"graveyard:skull_pile":1,"minecraft:grass":24,"minecraft:cracked_deepslate_tiles":1,"minecraft:beetroots":2,"minecraft:dirt":4,"minecraft:wither_skeleton_skull":1,"minecraft:oak_leaves":3,"minecraft:deepslate":16,"minecraft:deepslate_tiles":1,"minecraft:tuff":10,"minecraft:deepslate_diamond_ore":17,"minecraft:jungle_planks":2,"minecraft:carrots":21,"minecraft:andesite":57,"treechop:chopped_log":7,"minecraft:bookshelf":47,"minecraft:potatoes":5,"minecraft:deepslate_iron_ore":46,"minecraft:vine":12,"minecraft:lantern":1,"minecraft:bamboo":2,"minecraft:stone":142,"minecraft:potted_lily_of_the_valley":1,"minecraft:oak_fence":1,"minecraft:emerald_ore":1,"minecraft:sculk_sensor":5,"minecraft:tall_grass":4,"minecraft:copper_ore":6,"minecraft:sculk":75,"minecraft:coarse_dirt":2,"graveyard:vase_block":1,"graveyard:skull_with_rib_cage":1,"minecraft:beehive":2,"minecraft:mangrove_leaves":2,"minecraft:coal_ore":86,"minecraft:ochre_froglight":1,"minecraft:sunflower":2,"minecraft:cobweb":9,"minecraft:acacia_planks":1,"minecraft:fern":1},"minecraft:killed_by":{"minecraft:player":1,"naturalist:lion":1},"minecraft:dropped":{"minecraft:iron_sword":1,"minecraft:porkchop":1,"minecraft:oak_log":4,"minecraft:crafting_table":1,"minecraft:jungle_planks":115,"minecraft:mutton":6,"minecraft:iron_pickaxe":6,"minecraft:stone_axe":1,"minecraft:wheat":1,"minecraft:rotten_flesh":5,"minecraft:fern":1,"minecraft:enchanted_golden_apple":1,"minecraft:white_candle":8,"supplementaries:flax_seeds":1,"minecraft:deepslate_tiles":4,"minecraft:jungle_log":8,"minecraft:hopper":11,"minecraft:chest":4,"minecraft:arrow":7,"minecraft:written_book":2,"minecraft:egg":2,"minecraft:enchanted_book":5,"minecraft:iron_ingot":24,"minecraft:wheat_seeds":1,"minecraft:iron_helmet":3,"minecraft:feather":3,"minecraft:cobblestone":1,"minecraft:granite":2,"minecraft:cobweb":10,"minecraft:wooden_axe":1,"minecraft:melon_slice":12,"minecraft:jungle_door":1,"minecraft:iron_leggings":4,"minecraft:iron_axe":1,"minecraft:string":1,"minecraft:bucket":2,"graveyard:dark_iron_door":1,"minecraft:polished_deepslate_slab":1,"minecraft:iron_boots":3,"minecraft:cobblestone_slab":1,"minecraft:flower_pot":2,"minecraft:spruce_planks":1,"minecraft:iron_chestplate":4,"minecraft:barrel":1,"minecraft:slime_ball":1,"minecraft:wooden_pickaxe":1},"minecraft:broken":{"minecraft:stone_axe":1,"minecraft:golden_pickaxe":2},"minecraft:custom":{"minecraft:interact_with_crafting_table":57,"minecraft:open_barrel":29,"minecraft:bell_ring":11,"minecraft:eat_cake_slice":5,"minecraft:leave_game":5,"minecraft:time_since_death":201060,"minecraft:sprint_one_cm":904009,"minecraft:damage_blocked_by_shield":2557,"minecraft:drop":112,"minecraft:talked_to_villager":2,"minecraft:play_time":357289,"minecraft:deaths":3,"minecraft:jump":6401,"minecraft:walk_on_water_one_cm":60286,"minecraft:interact_with_furnace":31,"minecraft:interact_with_loom":2,"minecraft:sleep_in_bed":7,"minecraft:damage_dealt":17968,"minecraft:crouch_one_cm":68232,"minecraft:interact_with_smoker":9,"minecraft:use_cauldron":1,"minecraft:interact_with_smithing_table":3,"minecraft:mob_kills":95,"minecraft:interact_with_anvil":6,"minecraft:interact_with_campfire":3,"minecraft:climb_one_cm":19540,"minecraft:walk_one_cm":872758,"minecraft:sneak_time":28445,"minecraft:walk_under_water_one_cm":38147,"minecraft:interact_with_lectern":3,"minecraft:interact_with_blast_furnace":17,"minecraft:total_world_time":357289,"minecraft:interact_with_grindstone":3,"minecraft:time_since_rest":18959,"minecraft:damage_taken":7412,"minecraft:damage_absorbed":40,"minecraft:swim_one_cm":68823,"minecraft:fly_one_cm":705965,"minecraft:open_chest":122,"minecraft:fall_one_cm":141699}},"DataVersion":3465}