{"stats":{"minecraft:killed_by":{"minecraft:player":1},"minecraft:used":{"minecraft:melon_slice":27,"minecraft:stone_pickaxe":100,"minecraft:wooden_pickaxe":32,"minecraft:iron_sword":1,"minecraft:stone_axe":117,"minecraft:torch":4,"minecraft:dirt":8,"minecraft:cobblestone":7,"minecraft:crafting_table":1,"minecraft:acacia_sapling":4},"minecraft:picked_up":{"minecraft:raw_iron":8,"minecraft:stick":11,"minecraft:coarse_dirt":1,"minecraft:jungle_log":152,"minecraft:torch":2,"minecraft:acacia_log":18,"minecraft:oak_log":4,"minecraft:moss_carpet":1,"minecraft:lantern":1,"minecraft:dirt":9,"minecraft:bone":2,"minecraft:arrow":1,"minecraft:rotten_flesh":4,"minecraft:stone_axe":1,"minecraft:wheat_seeds":1,"minecraft:emerald":1,"minecraft:mangrove_roots":1,"minecraft:jungle_sapling":4,"minecraft:bamboo":20,"minecraft:oak_sapling":2,"minecraft:melon_slice":49,"minecraft:sugar_cane":14,"minecraft:acacia_sapling":7,"minecraft:coal":57,"minecraft:cobblestone":57,"minecraft:egg":1},"minecraft:crafted":{"minecraft:crafting_table":1,"minecraft:stick":12,"minecraft:wooden_pickaxe":1,"minecraft:stone_pickaxe":1,"minecraft:wooden_axe":1,"minecraft:stone_sword":1,"minecraft:acacia_planks":40,"minecraft:torch":24,"minecraft:stone_axe":1},"minecraft:killed":{"minecraft:skeleton":2,"minecraft:zombie":3,"creeperoverhaul:bamboo_creeper":1},"minecraft:custom":{"minecraft:time_since_rest":32057,"minecraft:sprint_one_cm":83574,"minecraft:damage_taken":1125,"minecraft:walk_one_cm":98908,"minecraft:mob_kills":6,"minecraft:drop":13,"minecraft:damage_dealt":1504,"minecraft:swim_one_cm":17585,"minecraft:interact_with_crafting_table":4,"minecraft:fly_one_cm":83504,"minecraft:open_barrel":3,"minecraft:crouch_one_cm":2284,"minecraft:play_time":40816,"minecraft:deaths":1,"minecraft:sneak_time":1872,"minecraft:walk_under_water_one_cm":11081,"minecraft:jump":737,"minecraft:walk_on_water_one_cm":8372,"minecraft:time_since_death":32028,"minecraft:climb_one_cm":5602,"minecraft:total_world_time":40816,"minecraft:fall_one_cm":25551},"minecraft:mined":{"minecraft:coarse_dirt":1,"minecraft:iron_ore":8,"treechop:chopped_log":6,"minecraft:grass":11,"minecraft:melon":11,"minecraft:grass_block":6,"minecraft:coal_ore":58,"minecraft:vine":11,"minecraft:lantern":1,"minecraft:dirt":4,"minecraft:bamboo":2,"minecraft:stone":59,"minecraft:sugar_cane":9,"minecraft:oak_leaves":1,"minecraft:fern":1},"minecraft:dropped":{"minecraft:stone_axe":1,"minecraft:melon_slice":12}},"DataVersion":3465}