{"stats":{"minecraft:killed_by":{"minecraft:player":1,"naturalist:lion":1},"minecraft:killed":{"minecraft:cave_spider":2,"graveyard:skeleton_creeper":1,"minecraft:spider":1,"graveyard:wraith":22,"naturalist:boar":1,"creeperoverhaul:bamboo_creeper":1,"naturalist:snail":1,"minecraft:skeleton":36,"minecraft:chicken":5,"minecraft:creeper":1,"minecraft:sheep":4,"minecraft:pillager":3,"minecraft:zombie":74,"minecraft:stray":28,"graveyard:corrupted_pillager":1,"minecraft:cow":11,"minecraft:vex":1,"graveyard:corrupted_vindicator":10,"naturalist:duck":3,"naturalist:bass":3,"naturalist:butterfly":1,"minecraft:villager":1,"minecraft:enderman":1},"minecraft:custom":{"minecraft:animals_bred":11,"minecraft:interact_with_crafting_table":90,"minecraft:open_barrel":29,"minecraft:bell_ring":11,"minecraft:eat_cake_slice":5,"minecraft:leave_game":6,"minecraft:time_since_death":269605,"minecraft:sprint_one_cm":1095985,"minecraft:damage_blocked_by_shield":2577,"minecraft:drop":119,"minecraft:talked_to_villager":2,"minecraft:play_time":425834,"minecraft:deaths":3,"minecraft:jump":7157,"minecraft:walk_on_water_one_cm":65356,"minecraft:enchant_item":1,"minecraft:interact_with_furnace":37,"minecraft:interact_with_loom":2,"minecraft:sleep_in_bed":8,"minecraft:damage_dealt":20770,"minecraft:crouch_one_cm":79040,"minecraft:interact_with_smoker":26,"minecraft:use_cauldron":1,"minecraft:inspect_dispenser":4,"minecraft:interact_with_smithing_table":13,"minecraft:mob_kills":219,"minecraft:interact_with_anvil":11,"minecraft:inspect_hopper":1,"minecraft:interact_with_campfire":3,"minecraft:climb_one_cm":19540,"minecraft:walk_one_cm":987739,"minecraft:sneak_time":32949,"minecraft:walk_under_water_one_cm":40194,"minecraft:interact_with_lectern":3,"minecraft:interact_with_blast_furnace":17,"minecraft:total_world_time":425834,"minecraft:interact_with_grindstone":3,"minecraft:time_since_rest":6242,"minecraft:damage_taken":7936,"minecraft:damage_absorbed":40,"minecraft:swim_one_cm":77546,"minecraft:fly_one_cm":888169,"minecraft:open_chest":197,"minecraft:fall_one_cm":152361},"minecraft:broken":{"minecraft:stone_axe":1,"minecraft:golden_pickaxe":2},"minecraft:used":{"travelersbackpack:lapis":1,"minecraft:chest":2,"minecraft:shield":85,"minecraft:iron_sword":424,"minecraft:iron_chestplate":2,"minecraft:jungle_planks":295,"minecraft:allium":1,"minecraft:carrot":63,"naturalist:cooked_bass":4,"minecraft:acacia_sapling":4,"minecraft:tuff":1,"minecraft:beehive":2,"travelersbackpack:emerald":2,"minecraft:lantern":1,"minecraft:iron_helmet":3,"minecraft:bow":5,"minecraft:written_book":1,"minecraft:scaffolding":2,"minecraft:furnace":1,"minecraft:egg":1,"minecraft:potato":20,"minecraft:stone_pickaxe":118,"minecraft:orange_tulip":1,"minecraft:wooden_pickaxe":32,"minecraft:white_wool":1,"minecraft:golden_apple":1,"minecraft:glow_berries":1,"minecraft:crossbow":3,"minecraft:string":7,"minecraft:bread":42,"minecraft:melon_slice":93,"graveyard:dark_iron_door":1,"naturalist:cooked_duck":1,"minecraft:andesite":127,"minecraft:coarse_dirt":1,"minecraft:golden_pickaxe":32,"minecraft:armor_stand":4,"minecraft:cooked_chicken":3,"minecraft:torch":103,"minecraft:dirt":8,"minecraft:iron_axe":110,"minecraft:iron_boots":2,"minecraft:cooked_beef":16,"minecraft:acacia_planks":49,"minecraft:iron_leggings":1,"minecraft:wheat_seeds":26,"minecraft:cooked_mutton":5,"minecraft:water_bucket":15,"minecraft:crafting_table":6,"minecraft:white_bed":5,"minecraft:diamond_pickaxe":3,"minecraft:oxeye_daisy":1,"minecraft:iron_pickaxe":482,"minecraft:stone_axe":126,"minecraft:cobblestone":185,"travelersbackpack:standard":1,"minecraft:cooked_porkchop":4,"minecraft:porkchop":2,"minecraft:bucket":21,"minecraft:purple_carpet":3,"minecraft:dandelion":1,"minecraft:diamond_leggings":1},"minecraft:picked_up":{"minecraft:iron_chestplate":9,"minecraft:wheat":22,"minecraft:flower_pot":3,"minecraft:enchanted_book":2,"minecraft:string":17,"minecraft:raw_copper":17,"minecraft:iron_leggings":8,"minecraft:armor_stand":4,"minecraft:beetroot":2,"minecraft:deepslate_tiles":4,"minecraft:cobbled_deepslate":19,"minecraft:bucket":2,"minecraft:spruce_planks":2,"minecraft:cobblestone_slab":1,"minecraft:written_book":2,"minecraft:azalea":5,"minecraft:iron_pickaxe":6,"hangglider:hang_glider":1,"minecraft:melon_slice":105,"minecraft:coal_block":2,"minecraft:iron_boots":6,"minecraft:tipped_arrow":15,"minecraft:beehive":2,"minecraft:stick":13,"minecraft:jungle_door":1,"travelersbackpack:iron_tier_upgrade":1,"minecraft:torch":6,"minecraft:acacia_log":18,"minecraft:porkchop":3,"minecraft:golden_axe":1,"minecraft:rotten_flesh":16,"graveyard:gray_urn":1,"minecraft:carved_pumpkin":1,"minecraft:mangrove_roots":1,"supplementaries:ash":3,"minecraft:deepslate_brick_stairs":2,"minecraft:cod":2,"minecraft:cobblestone":213,"minecraft:oxidized_copper":4,"minecraft:feather":8,"minecraft:cooked_beef":5,"minecraft:andesite":65,"minecraft:jungle_log":184,"minecraft:potato":24,"minecraft:tuff":7,"graveyard:dark_iron_door":2,"supplementaries:flax_seeds":1,"minecraft:wither_skeleton_skull":1,"minecraft:lapis_lazuli":32,"minecraft:dirt":9,"minecraft:lantern":7,"minecraft:bone":87,"minecraft:purple_carpet":3,"minecraft:acacia_planks":1,"minecraft:bow":6,"minecraft:orange_tulip":1,"minecraft:wheat_seeds":54,"minecraft:bamboo":40,"minecraft:oak_planks":2,"minecraft:cooked_porkchop":4,"minecraft:sand":12,"minecraft:jungle_planks":83,"naturalist:duck_egg":1,"minecraft:barrel":1,"minecraft:white_candle":8,"minecraft:diamond":50,"minecraft:soul_lantern":1,"minecraft:writable_book":1,"minecraft:crossbow":3,"minecraft:granite":2,"minecraft:bread":32,"minecraft:spruce_button":1,"minecraft:emerald":44,"minecraft:oak_sapling":2,"minecraft:coarse_dirt":2,"minecraft:mud":1,"minecraft:crafting_table":1,"minecraft:allium":1,"minecraft:azure_bluet":1,"minecraft:chicken":4,"minecraft:shield":1,"minecraft:iron_axe":1,"minecraft:moss_carpet":1,"minecraft:cyan_carpet":3,"graveyard:corruption":13,"minecraft:beef":24,"minecraft:jungle_sapling":4,"minecraft:sugar_cane":17,"minecraft:chest":2,"minecraft:egg":3,"minecraft:raw_iron":133,"naturalist:duck":6,"minecraft:polished_deepslate_slab":1,"minecraft:redstone":19,"minecraft:carrot":139,"minecraft:tnt":6,"minecraft:arrow":22,"minecraft:beetroot_seeds":7,"minecraft:glow_berries":1,"minecraft:mutton":6,"minecraft:white_wool":5,"minecraft:oxeye_daisy":1,"minecraft:cracked_deepslate_tiles":1,"minecraft:leather":17,"minecraft:fern":1,"minecraft:ochre_froglight":1,"minecraft:oak_log":23,"minecraft:gunpowder":6,"naturalist:bass":4,"minecraft:cooked_mutton":3,"minecraft:iron_ingot":27,"minecraft:cobweb":10,"minecraft:cooked_chicken":2,"minecraft:flowering_azalea":1,"minecraft:acacia_sapling":7,"minecraft:book":135,"minecraft:scaffolding":2,"minecraft:dandelion":1,"minecraft:white_bed":6,"minecraft:spider_eye":1,"travelersbackpack:standard":1,"minecraft:slime_ball":1,"minecraft:stone_axe":1,"minecraft:iron_helmet":6,"minecraft:baked_potato":113,"graveyard:incarnated_evil_music_disc":1,"minecraft:coal":96,"minecraft:hopper":1},"minecraft:dropped":{"minecraft:iron_sword":1,"minecraft:porkchop":1,"minecraft:oak_log":4,"minecraft:crafting_table":1,"minecraft:jungle_planks":135,"minecraft:mutton":6,"minecraft:iron_pickaxe":6,"minecraft:stone_axe":1,"hangglider:hang_glider":1,"minecraft:wheat":1,"minecraft:rotten_flesh":5,"minecraft:fern":1,"minecraft:enchanted_golden_apple":1,"minecraft:white_candle":8,"supplementaries:flax_seeds":1,"minecraft:deepslate_tiles":4,"minecraft:jungle_log":8,"minecraft:hopper":11,"minecraft:azalea":3,"minecraft:chest":4,"minecraft:arrow":7,"minecraft:written_book":2,"minecraft:egg":2,"minecraft:enchanted_book":5,"minecraft:iron_ingot":24,"minecraft:wheat_seeds":1,"minecraft:iron_helmet":3,"minecraft:feather":3,"minecraft:cobblestone":1,"minecraft:granite":2,"minecraft:cobweb":10,"minecraft:wooden_axe":1,"minecraft:melon_slice":12,"minecraft:jungle_door":1,"minecraft:iron_leggings":4,"minecraft:flowering_azalea":1,"minecraft:iron_axe":1,"minecraft:string":1,"minecraft:bucket":2,"graveyard:dark_iron_door":1,"minecraft:polished_deepslate_slab":1,"minecraft:iron_boots":3,"minecraft:cobblestone_slab":1,"minecraft:flower_pot":2,"minecraft:spruce_planks":1,"minecraft:iron_chestplate":4,"minecraft:andesite":2,"minecraft:barrel":1,"minecraft:slime_ball":1,"minecraft:wooden_pickaxe":1},"minecraft:crafted":{"naturalist:cooked_duck":1,"hangglider:hang_glider":1,"minecraft:cooked_chicken":3,"minecraft:stone":4,"naturalist:cooked_bass":4,"minecraft:glass":12,"minecraft:hopper":10,"minecraft:diamond_leggings":1,"minecraft:diamond_helmet":1,"minecraft:bow":1,"minecraft:iron_boots":1,"minecraft:chest":16,"travelersbackpack:iron_tier_upgrade":1,"minecraft:crafting_table":6,"travelersbackpack:lapis":1,"minecraft:baked_potato":64,"travelersbackpack:standard":2,"minecraft:wooden_pickaxe":1,"minecraft:iron_helmet":1,"travelersbackpack:emerald":3,"minecraft:iron_chestplate":1,"minecraft:diamond_pickaxe":2,"minecraft:shield":1,"minecraft:stick":76,"minecraft:iron_ingot":29,"minecraft:iron_pickaxe":2,"minecraft:stone_sword":1,"minecraft:shears":1,"hangglider:glider_framework":1,"minecraft:furnace":1,"hangglider:glider_wing":2,"travelersbackpack:blank_upgrade":4,"travelersbackpack:gold_tier_upgrade":1,"minecraft:stone_pickaxe":1,"travelersbackpack:diamond_tier_upgrade":1,"minecraft:cooked_beef":18,"travelersbackpack:backpack_tank":2,"minecraft:bucket":1,"minecraft:stone_axe":1,"minecraft:bread":6,"minecraft:jungle_planks":596,"minecraft:wooden_axe":1,"minecraft:iron_leggings":1,"minecraft:acacia_planks":72,"minecraft:torch":152,"minecraft:lapis_block":4},"minecraft:mined":{"minecraft:white_bed":4,"minecraft:carved_pumpkin":1,"minecraft:granite":1,"minecraft:grass_block":6,"graveyard:dark_iron_door":2,"minecraft:coal_block":2,"minecraft:oxeye_daisy":1,"minecraft:spawner":2,"graveyard:wither_skull_with_rib_cage":1,"minecraft:tall_seagrass":1,"minecraft:iron_ore":84,"minecraft:barrel":1,"graveyard:leaning_wither_skeleton":1,"minecraft:deepslate_lapis_ore":6,"minecraft:sculk_shrieker":2,"minecraft:purple_carpet":3,"minecraft:deepslate_brick_stairs":1,"minecraft:tripwire":3,"minecraft:deepslate_redstone_ore":4,"minecraft:soul_fire":6,"minecraft:soul_lantern":1,"minecraft:torch":2,"minecraft:melon":20,"minecraft:cobblestone":61,"graveyard:skeleton_hand":1,"minecraft:sugar_cane":10,"minecraft:oak_planks":1,"minecraft:wall_torch":1,"minecraft:wheat":20,"graveyard:skull_pile":1,"minecraft:grass":24,"minecraft:cracked_deepslate_tiles":1,"minecraft:beetroots":2,"minecraft:sand":12,"minecraft:dirt":4,"minecraft:wither_skeleton_skull":1,"minecraft:oak_leaves":3,"minecraft:deepslate":16,"minecraft:deepslate_tiles":1,"minecraft:tuff":11,"minecraft:deepslate_diamond_ore":17,"minecraft:jungle_planks":2,"minecraft:carrots":38,"minecraft:andesite":61,"treechop:chopped_log":8,"minecraft:bookshelf":47,"minecraft:potatoes":6,"minecraft:deepslate_iron_ore":46,"minecraft:vine":12,"minecraft:lantern":1,"minecraft:bamboo":2,"minecraft:stone":143,"minecraft:potted_lily_of_the_valley":1,"minecraft:oak_fence":1,"minecraft:emerald_ore":1,"minecraft:sculk_sensor":5,"minecraft:tall_grass":4,"minecraft:copper_ore":6,"minecraft:sculk":75,"minecraft:coarse_dirt":2,"graveyard:vase_block":1,"graveyard:skull_with_rib_cage":1,"minecraft:beehive":2,"minecraft:mangrove_leaves":2,"minecraft:coal_ore":93,"minecraft:ochre_froglight":1,"minecraft:sunflower":2,"minecraft:cobweb":9,"minecraft:acacia_planks":1,"minecraft:fern":1}},"DataVersion":3465}