{"stats":{"minecraft:mined":{"minecraft:deepslate_tiles":1,"minecraft:white_bed":3,"minecraft:granite":1,"minecraft:grass_block":6,"minecraft:jungle_planks":1,"graveyard:dark_iron_door":1,"minecraft:coal_block":2,"minecraft:tall_seagrass":1,"minecraft:iron_ore":29,"minecraft:barrel":1,"treechop:chopped_log":6,"minecraft:vine":12,"minecraft:purple_carpet":3,"minecraft:lantern":1,"minecraft:deepslate_brick_stairs":1,"minecraft:bamboo":2,"minecraft:stone":68,"minecraft:potted_lily_of_the_valley":1,"minecraft:soul_lantern":1,"minecraft:oak_fence":1,"minecraft:emerald_ore":1,"minecraft:melon":20,"minecraft:tall_grass":4,"minecraft:cobblestone":12,"minecraft:sugar_cane":10,"minecraft:coarse_dirt":2,"minecraft:mangrove_leaves":2,"minecraft:grass":24,"minecraft:coal_ore":60,"minecraft:ochre_froglight":1,"minecraft:sunflower":2,"minecraft:dirt":4,"minecraft:cobweb":5,"minecraft:acacia_planks":1,"minecraft:oak_leaves":3,"minecraft:fern":1},"minecraft:broken":{"minecraft:stone_axe":1},"minecraft:dropped":{"minecraft:enchanted_book":5,"minecraft:iron_ingot":1,"minecraft:porkchop":1,"minecraft:wheat_seeds":1,"minecraft:oak_log":4,"minecraft:crafting_table":1,"minecraft:iron_helmet":3,"minecraft:feather":3,"minecraft:cobblestone":1,"minecraft:granite":2,"minecraft:jungle_planks":115,"minecraft:cobweb":10,"minecraft:mutton":6,"minecraft:wooden_axe":1,"minecraft:melon_slice":12,"minecraft:jungle_door":1,"minecraft:iron_leggings":4,"minecraft:string":1,"minecraft:stone_axe":1,"minecraft:polished_deepslate_slab":1,"minecraft:iron_boots":3,"minecraft:fern":1,"minecraft:white_candle":8,"minecraft:deepslate_tiles":4,"minecraft:flower_pot":2,"minecraft:spruce_planks":1,"minecraft:iron_chestplate":4,"minecraft:jungle_log":8,"minecraft:barrel":1,"minecraft:slime_ball":1,"minecraft:arrow":7,"minecraft:wooden_pickaxe":1,"minecraft:written_book":2,"minecraft:egg":2},"minecraft:crafted":{"naturalist:cooked_duck":1,"minecraft:cooked_chicken":3,"minecraft:furnace":1,"naturalist:cooked_bass":4,"minecraft:bow":1,"minecraft:iron_boots":1,"minecraft:stone_pickaxe":1,"minecraft:crafting_table":5,"minecraft:wooden_pickaxe":1,"minecraft:iron_helmet":1,"minecraft:stone_axe":1,"minecraft:jungle_planks":340,"minecraft:iron_chestplate":1,"minecraft:stick":12,"minecraft:iron_ingot":15,"minecraft:iron_pickaxe":2,"minecraft:wooden_axe":1,"minecraft:stone_sword":1,"minecraft:iron_leggings":1,"minecraft:acacia_planks":72,"minecraft:torch":24},"minecraft:killed":{"minecraft:vex":1,"graveyard:wraith":7,"naturalist:duck":1,"naturalist:boar":1,"creeperoverhaul:bamboo_creeper":1,"naturalist:snail":1,"minecraft:skeleton":2,"minecraft:chicken":4,"naturalist:bass":3,"naturalist:butterfly":1,"minecraft:creeper":1,"minecraft:sheep":4,"minecraft:pillager":3,"minecraft:zombie":4,"minecraft:enderman":1,"minecraft:cow":2},"minecraft:custom":{"minecraft:interact_with_smithing_table":1,"minecraft:mob_kills":37,"minecraft:interact_with_crafting_table":22,"minecraft:open_barrel":5,"minecraft:interact_with_campfire":3,"minecraft:bell_ring":11,"minecraft:eat_cake_slice":4,"minecraft:leave_game":1,"minecraft:time_since_death":14461,"minecraft:climb_one_cm":16957,"minecraft:sprint_one_cm":426896,"minecraft:walk_one_cm":381644,"minecraft:damage_blocked_by_shield":1022,"minecraft:drop":89,"minecraft:talked_to_villager":1,"minecraft:play_time":170690,"minecraft:deaths":3,"minecraft:sneak_time":7619,"minecraft:walk_under_water_one_cm":25447,"minecraft:jump":4047,"minecraft:walk_on_water_one_cm":34156,"minecraft:total_world_time":170690,"minecraft:interact_with_furnace":23,"minecraft:sleep_in_bed":4,"minecraft:time_since_rest":14485,"minecraft:damage_taken":4894,"minecraft:damage_absorbed":40,"minecraft:damage_dealt":6380,"minecraft:swim_one_cm":67723,"minecraft:fly_one_cm":334543,"minecraft:open_chest":29,"minecraft:crouch_one_cm":5595,"minecraft:interact_with_smoker":5,"minecraft:fall_one_cm":81053},"minecraft:picked_up":{"minecraft:crafting_table":1,"minecraft:mud":1,"minecraft:coarse_dirt":2,"minecraft:allium":1,"minecraft:azure_bluet":1,"minecraft:chicken":4,"minecraft:flower_pot":3,"minecraft:shield":1,"minecraft:string":6,"minecraft:moss_carpet":1,"minecraft:iron_leggings":8,"minecraft:armor_stand":4,"graveyard:corruption":1,"minecraft:deepslate_tiles":4,"minecraft:spruce_planks":2,"minecraft:beef":6,"minecraft:written_book":2,"minecraft:jungle_sapling":4,"minecraft:coal_block":2,"minecraft:melon_slice":105,"minecraft:sugar_cane":17,"minecraft:iron_boots":6,"minecraft:egg":3,"minecraft:polished_deepslate_slab":1,"minecraft:tipped_arrow":7,"minecraft:stick":13,"minecraft:raw_iron":29,"naturalist:duck":1,"minecraft:jungle_door":1,"minecraft:torch":2,"minecraft:acacia_log":18,"minecraft:porkchop":3,"minecraft:tnt":6,"minecraft:arrow":3,"minecraft:rotten_flesh":4,"graveyard:gray_urn":1,"minecraft:mangrove_roots":1,"minecraft:deepslate_brick_stairs":2,"minecraft:glow_berries":1,"minecraft:mutton":6,"minecraft:cod":2,"minecraft:white_wool":5,"minecraft:cobblestone":83,"minecraft:cracked_deepslate_tiles":1,"minecraft:cooked_beef":5,"minecraft:feather":3,"minecraft:oxidized_copper":4,"minecraft:jungle_log":184,"minecraft:leather":4,"minecraft:fern":1,"minecraft:ochre_froglight":1,"minecraft:oak_log":4,"graveyard:dark_iron_door":1,"minecraft:gunpowder":5,"minecraft:dirt":9,"minecraft:lantern":1,"minecraft:purple_carpet":3,"minecraft:cooked_mutton":3,"naturalist:bass":4,"minecraft:bone":16,"minecraft:acacia_planks":1,"minecraft:bow":3,"minecraft:wheat_seeds":3,"minecraft:orange_tulip":1,"minecraft:iron_ingot":8,"minecraft:cooked_chicken":2,"minecraft:cobweb":10,"minecraft:bamboo":40,"minecraft:acacia_sapling":7,"minecraft:book":3,"minecraft:scaffolding":2,"minecraft:cooked_porkchop":4,"minecraft:jungle_planks":72,"minecraft:white_bed":5,"minecraft:barrel":1,"travelersbackpack:standard":1,"minecraft:white_candle":8,"minecraft:slime_ball":1,"minecraft:stone_axe":1,"minecraft:soul_lantern":1,"minecraft:iron_helmet":6,"minecraft:granite":2,"minecraft:crossbow":3,"minecraft:emerald":43,"minecraft:baked_potato":5,"minecraft:oak_sapling":2,"minecraft:coal":59,"minecraft:iron_chestplate":9},"minecraft:used":{"minecraft:shield":32,"minecraft:iron_sword":124,"minecraft:cooked_chicken":3,"minecraft:iron_chestplate":2,"minecraft:torch":13,"minecraft:dirt":8,"minecraft:jungle_planks":204,"minecraft:allium":1,"naturalist:cooked_bass":4,"minecraft:acacia_sapling":4,"minecraft:lantern":1,"minecraft:iron_helmet":3,"minecraft:iron_boots":2,"minecraft:written_book":1,"minecraft:scaffolding":2,"minecraft:furnace":1,"minecraft:egg":1,"minecraft:cooked_beef":2,"minecraft:acacia_planks":49,"minecraft:iron_leggings":1,"minecraft:cooked_mutton":1,"minecraft:stone_pickaxe":118,"minecraft:orange_tulip":1,"minecraft:wooden_pickaxe":32,"minecraft:white_wool":1,"minecraft:glow_berries":1,"minecraft:golden_apple":1,"minecraft:crafting_table":5,"minecraft:crossbow":3,"minecraft:white_bed":4,"minecraft:bread":10,"minecraft:melon_slice":93,"minecraft:iron_pickaxe":38,"graveyard:dark_iron_door":1,"minecraft:stone_axe":126,"travelersbackpack:standard":1,"minecraft:cobblestone":64,"naturalist:cooked_duck":1,"minecraft:porkchop":2,"minecraft:cooked_porkchop":4,"minecraft:coarse_dirt":1,"minecraft:purple_carpet":3},"minecraft:killed_by":{"minecraft:player":1,"naturalist:lion":1}},"DataVersion":3465}