{"stats":{"minecraft:crafted":{"naturalist:cooked_duck":1,"minecraft:cooked_chicken":3,"minecraft:furnace":1,"naturalist:cooked_bass":4,"minecraft:diamond_leggings":1,"minecraft:diamond_helmet":1,"minecraft:bow":1,"minecraft:iron_boots":1,"minecraft:stone_pickaxe":1,"minecraft:chest":2,"minecraft:crafting_table":6,"travelersbackpack:standard":1,"minecraft:wooden_pickaxe":1,"minecraft:iron_helmet":1,"minecraft:bucket":1,"minecraft:stone_axe":1,"minecraft:jungle_planks":468,"minecraft:iron_chestplate":1,"minecraft:diamond_pickaxe":2,"minecraft:stick":56,"minecraft:iron_ingot":29,"minecraft:iron_pickaxe":2,"minecraft:wooden_axe":1,"minecraft:stone_sword":1,"minecraft:iron_leggings":1,"minecraft:acacia_planks":72,"minecraft:torch":152},"minecraft:killed":{"minecraft:vex":1,"minecraft:cave_spider":2,"graveyard:skeleton_creeper":1,"graveyard:corrupted_vindicator":10,"graveyard:wraith":22,"naturalist:duck":1,"naturalist:boar":1,"creeperoverhaul:bamboo_creeper":1,"naturalist:snail":1,"minecraft:skeleton":8,"minecraft:chicken":4,"naturalist:bass":3,"naturalist:butterfly":1,"minecraft:creeper":1,"minecraft:sheep":4,"minecraft:pillager":3,"minecraft:zombie":17,"graveyard:corrupted_pillager":1,"minecraft:enderman":1,"minecraft:cow":2},"minecraft:picked_up":{"minecraft:crafting_table":1,"minecraft:mud":1,"minecraft:iron_chestplate":9,"minecraft:coarse_dirt":2,"minecraft:wheat":1,"minecraft:allium":1,"minecraft:azure_bluet":1,"minecraft:chicken":4,"minecraft:flower_pot":3,"minecraft:enchanted_book":2,"minecraft:shield":1,"minecraft:string":14,"minecraft:moss_carpet":1,"minecraft:raw_copper":17,"minecraft:iron_leggings":8,"minecraft:armor_stand":4,"minecraft:cyan_carpet":3,"graveyard:corruption":13,"minecraft:deepslate_tiles":4,"minecraft:cobbled_deepslate":13,"minecraft:spruce_planks":2,"minecraft:beef":6,"minecraft:written_book":2,"minecraft:jungle_sapling":4,"minecraft:iron_pickaxe":6,"minecraft:coal_block":2,"minecraft:melon_slice":105,"minecraft:sugar_cane":17,"minecraft:iron_boots":6,"minecraft:egg":3,"minecraft:raw_iron":118,"minecraft:tipped_arrow":7,"minecraft:beehive":1,"minecraft:stick":13,"minecraft:polished_deepslate_slab":1,"naturalist:duck":1,"minecraft:jungle_door":1,"minecraft:torch":2,"minecraft:acacia_log":18,"travelersbackpack:iron_tier_upgrade":1,"minecraft:porkchop":3,"minecraft:redstone":5,"minecraft:tnt":6,"minecraft:arrow":9,"minecraft:rotten_flesh":11,"graveyard:gray_urn":1,"minecraft:carved_pumpkin":1,"minecraft:mangrove_roots":1,"supplementaries:ash":3,"minecraft:deepslate_brick_stairs":2,"minecraft:glow_berries":1,"minecraft:mutton":6,"minecraft:cod":2,"minecraft:white_wool":5,"minecraft:cobblestone":145,"minecraft:cracked_deepslate_tiles":1,"minecraft:feather":3,"minecraft:cooked_beef":5,"minecraft:oxidized_copper":4,"minecraft:jungle_log":184,"minecraft:andesite":4,"minecraft:leather":5,"minecraft:fern":1,"minecraft:ochre_froglight":1,"minecraft:tuff":5,"minecraft:oak_log":4,"supplementaries:flax_seeds":1,"graveyard:dark_iron_door":2,"minecraft:gunpowder":5,"minecraft:wither_skeleton_skull":1,"minecraft:lapis_lazuli":4,"minecraft:dirt":9,"minecraft:lantern":7,"minecraft:purple_carpet":3,"minecraft:cooked_mutton":3,"naturalist:bass":4,"minecraft:bone":42,"minecraft:acacia_planks":1,"minecraft:bow":5,"minecraft:wheat_seeds":3,"minecraft:orange_tulip":1,"minecraft:iron_ingot":8,"minecraft:cooked_chicken":2,"minecraft:cobweb":10,"minecraft:bamboo":40,"minecraft:oak_planks":1,"minecraft:acacia_sapling":7,"minecraft:book":135,"minecraft:scaffolding":2,"minecraft:cooked_porkchop":4,"minecraft:dandelion":1,"minecraft:jungle_planks":73,"minecraft:white_bed":6,"minecraft:barrel":1,"travelersbackpack:standard":1,"minecraft:white_candle":8,"minecraft:slime_ball":1,"minecraft:diamond":18,"minecraft:stone_axe":1,"minecraft:soul_lantern":1,"minecraft:iron_helmet":6,"minecraft:crossbow":3,"minecraft:granite":2,"minecraft:emerald":44,"minecraft:spruce_button":1,"minecraft:bread":24,"minecraft:baked_potato":5,"minecraft:oak_sapling":2,"graveyard:incarnated_evil_music_disc":1,"minecraft:coal":64},"minecraft:used":{"minecraft:armor_stand":4,"minecraft:chest":2,"minecraft:shield":72,"minecraft:iron_sword":322,"minecraft:cooked_chicken":3,"minecraft:iron_chestplate":2,"minecraft:torch":79,"minecraft:dirt":8,"minecraft:jungle_planks":295,"minecraft:allium":1,"naturalist:cooked_bass":4,"minecraft:acacia_sapling":4,"minecraft:beehive":1,"minecraft:lantern":1,"minecraft:iron_axe":70,"minecraft:iron_helmet":3,"minecraft:iron_boots":2,"minecraft:bow":1,"minecraft:written_book":1,"minecraft:scaffolding":2,"minecraft:furnace":1,"minecraft:egg":1,"minecraft:cooked_beef":12,"minecraft:acacia_planks":49,"minecraft:iron_leggings":1,"minecraft:cooked_mutton":5,"minecraft:water_bucket":11,"minecraft:stone_pickaxe":118,"minecraft:orange_tulip":1,"minecraft:wooden_pickaxe":32,"minecraft:golden_apple":1,"minecraft:white_wool":1,"minecraft:glow_berries":1,"minecraft:crafting_table":6,"minecraft:crossbow":3,"minecraft:white_bed":5,"minecraft:melon_slice":93,"minecraft:bread":34,"minecraft:iron_pickaxe":232,"minecraft:stone_axe":126,"graveyard:dark_iron_door":1,"naturalist:cooked_duck":1,"travelersbackpack:standard":1,"minecraft:cobblestone":101,"minecraft:dandelion":1,"minecraft:porkchop":2,"minecraft:cooked_porkchop":4,"minecraft:andesite":4,"minecraft:bucket":17,"minecraft:coarse_dirt":1,"minecraft:golden_pickaxe":32,"minecraft:purple_carpet":3},"minecraft:mined":{"minecraft:deepslate_tiles":1,"minecraft:tuff":9,"minecraft:white_bed":4,"minecraft:deepslate_diamond_ore":17,"minecraft:carved_pumpkin":1,"minecraft:granite":1,"minecraft:grass_block":6,"minecraft:jungle_planks":2,"graveyard:dark_iron_door":2,"minecraft:coal_block":2,"minecraft:spawner":2,"graveyard:wither_skull_with_rib_cage":1,"minecraft:tall_seagrass":1,"minecraft:iron_ore":81,"minecraft:barrel":1,"graveyard:leaning_wither_skeleton":1,"minecraft:andesite":4,"treechop:chopped_log":6,"minecraft:deepslate_lapis_ore":1,"minecraft:sculk_shrieker":1,"minecraft:bookshelf":47,"minecraft:deepslate_iron_ore":37,"minecraft:vine":12,"minecraft:lantern":1,"minecraft:purple_carpet":3,"minecraft:deepslate_brick_stairs":1,"minecraft:bamboo":2,"minecraft:stone":129,"minecraft:deepslate_redstone_ore":1,"minecraft:potted_lily_of_the_valley":1,"minecraft:soul_fire":6,"minecraft:soul_lantern":1,"minecraft:oak_fence":1,"minecraft:emerald_ore":1,"minecraft:melon":20,"minecraft:sculk_sensor":4,"graveyard:skeleton_hand":1,"minecraft:copper_ore":6,"minecraft:tall_grass":4,"minecraft:cobblestone":15,"minecraft:oak_planks":1,"minecraft:sugar_cane":10,"minecraft:sculk":2,"minecraft:coarse_dirt":2,"graveyard:vase_block":1,"graveyard:skull_with_rib_cage":1,"minecraft:beehive":1,"minecraft:mangrove_leaves":2,"graveyard:skull_pile":1,"minecraft:grass":24,"minecraft:cracked_deepslate_tiles":1,"minecraft:coal_ore":61,"minecraft:ochre_froglight":1,"minecraft:sunflower":2,"minecraft:dirt":4,"minecraft:cobweb":9,"minecraft:wither_skeleton_skull":1,"minecraft:acacia_planks":1,"minecraft:oak_leaves":3,"minecraft:deepslate":10,"minecraft:fern":1},"minecraft:killed_by":{"minecraft:player":1,"naturalist:lion":1},"minecraft:dropped":{"minecraft:enchanted_book":5,"minecraft:iron_ingot":1,"minecraft:iron_sword":1,"minecraft:porkchop":1,"minecraft:wheat_seeds":1,"minecraft:oak_log":4,"minecraft:crafting_table":1,"minecraft:iron_helmet":3,"minecraft:feather":3,"minecraft:cobblestone":1,"minecraft:granite":2,"minecraft:jungle_planks":115,"minecraft:cobweb":10,"minecraft:mutton":6,"minecraft:wooden_axe":1,"minecraft:melon_slice":12,"minecraft:jungle_door":1,"minecraft:iron_leggings":4,"minecraft:iron_pickaxe":6,"minecraft:string":1,"graveyard:dark_iron_door":1,"minecraft:stone_axe":1,"minecraft:wheat":1,"minecraft:polished_deepslate_slab":1,"minecraft:rotten_flesh":5,"minecraft:enchanted_golden_apple":1,"minecraft:iron_boots":3,"minecraft:fern":1,"minecraft:white_candle":8,"supplementaries:flax_seeds":1,"minecraft:deepslate_tiles":4,"minecraft:flower_pot":2,"minecraft:spruce_planks":1,"minecraft:iron_chestplate":4,"minecraft:jungle_log":8,"minecraft:barrel":1,"minecraft:slime_ball":1,"minecraft:arrow":7,"minecraft:wooden_pickaxe":1,"minecraft:written_book":2,"minecraft:egg":2},"minecraft:broken":{"minecraft:stone_axe":1,"minecraft:golden_pickaxe":2},"minecraft:custom":{"minecraft:interact_with_anvil":4,"minecraft:mob_kills":86,"minecraft:interact_with_crafting_table":43,"minecraft:open_barrel":29,"minecraft:interact_with_campfire":3,"minecraft:bell_ring":11,"minecraft:eat_cake_slice":5,"minecraft:leave_game":2,"minecraft:time_since_death":136270,"minecraft:climb_one_cm":19540,"minecraft:sprint_one_cm":759304,"minecraft:walk_one_cm":703192,"minecraft:damage_blocked_by_shield":2392,"minecraft:drop":102,"minecraft:talked_to_villager":2,"minecraft:play_time":292499,"minecraft:sneak_time":21611,"minecraft:deaths":3,"minecraft:walk_under_water_one_cm":36990,"minecraft:interact_with_lectern":3,"minecraft:jump":5615,"minecraft:interact_with_blast_furnace":16,"minecraft:walk_on_water_one_cm":54143,"minecraft:total_world_time":292499,"minecraft:interact_with_furnace":30,"minecraft:interact_with_loom":2,"minecraft:interact_with_grindstone":3,"minecraft:sleep_in_bed":6,"minecraft:time_since_rest":114916,"minecraft:damage_taken":6844,"minecraft:damage_absorbed":40,"minecraft:damage_dealt":16434,"minecraft:swim_one_cm":68686,"minecraft:fly_one_cm":540723,"minecraft:open_chest":82,"minecraft:crouch_one_cm":56704,"minecraft:interact_with_smoker":9,"minecraft:fall_one_cm":118738,"minecraft:use_cauldron":1,"minecraft:interact_with_smithing_table":3}},"DataVersion":3465}