{"stats":{"minecraft:mined":{"minecraft:deepslate_tiles":1,"minecraft:soul_lantern":1,"minecraft:granite":1,"minecraft:emerald_ore":1,"minecraft:grass_block":6,"minecraft:melon":20,"graveyard:dark_iron_door":1,"minecraft:tall_grass":4,"minecraft:cobblestone":10,"minecraft:sugar_cane":10,"minecraft:tall_seagrass":1,"minecraft:coarse_dirt":1,"minecraft:iron_ore":21,"treechop:chopped_log":6,"minecraft:mangrove_leaves":2,"minecraft:grass":23,"minecraft:sunflower":2,"minecraft:coal_ore":60,"minecraft:vine":12,"minecraft:ochre_froglight":1,"minecraft:lantern":1,"minecraft:dirt":4,"minecraft:deepslate_brick_stairs":1,"minecraft:cobweb":4,"minecraft:bamboo":2,"minecraft:acacia_planks":1,"minecraft:stone":68,"minecraft:oak_leaves":3,"minecraft:fern":1},"minecraft:broken":{"minecraft:stone_axe":1},"minecraft:dropped":{"minecraft:enchanted_book":5,"minecraft:iron_ingot":1,"minecraft:stone_axe":1,"minecraft:oak_log":4,"minecraft:cobblestone":1,"minecraft:feather":3,"minecraft:polished_deepslate_slab":1,"minecraft:granite":2,"minecraft:jungle_planks":2,"minecraft:deepslate_tiles":4,"minecraft:mutton":6,"minecraft:wooden_axe":1,"minecraft:melon_slice":12,"minecraft:jungle_door":1,"minecraft:arrow":7,"minecraft:wooden_pickaxe":1},"minecraft:crafted":{"naturalist:cooked_duck":1,"minecraft:crafting_table":4,"minecraft:wooden_pickaxe":1,"minecraft:furnace":1,"minecraft:stone_axe":1,"naturalist:cooked_bass":4,"minecraft:jungle_planks":256,"minecraft:iron_chestplate":1,"minecraft:stick":12,"minecraft:iron_pickaxe":2,"minecraft:stone_pickaxe":1,"minecraft:wooden_axe":1,"minecraft:stone_sword":1,"minecraft:acacia_planks":72,"minecraft:torch":24},"minecraft:killed":{"graveyard:wraith":7,"naturalist:duck":1,"minecraft:creeper":1,"minecraft:sheep":4,"creeperoverhaul:bamboo_creeper":1,"naturalist:snail":1,"minecraft:skeleton":2,"minecraft:zombie":4,"minecraft:chicken":4,"naturalist:bass":3,"minecraft:enderman":1},"minecraft:custom":{"minecraft:interact_with_furnace":16,"minecraft:mob_kills":29,"minecraft:interact_with_crafting_table":15,"minecraft:open_barrel":3,"minecraft:time_since_death":97126,"minecraft:climb_one_cm":8167,"minecraft:time_since_rest":97155,"minecraft:damage_absorbed":40,"minecraft:sprint_one_cm":219618,"minecraft:damage_taken":3366,"minecraft:walk_one_cm":227333,"minecraft:damage_blocked_by_shield":882,"minecraft:drop":34,"minecraft:damage_dealt":4876,"minecraft:swim_one_cm":57058,"minecraft:fly_one_cm":167810,"minecraft:open_chest":3,"minecraft:crouch_one_cm":5345,"minecraft:play_time":105914,"minecraft:sneak_time":7072,"minecraft:deaths":1,"minecraft:walk_under_water_one_cm":21749,"minecraft:jump":2802,"minecraft:walk_on_water_one_cm":24790,"minecraft:interact_with_smoker":2,"minecraft:total_world_time":105914,"minecraft:fall_one_cm":47259},"minecraft:picked_up":{"minecraft:cracked_deepslate_tiles":1,"minecraft:mud":1,"minecraft:coarse_dirt":1,"minecraft:feather":3,"minecraft:oxidized_copper":4,"minecraft:chicken":4,"minecraft:jungle_log":152,"minecraft:ochre_froglight":1,"minecraft:oak_log":4,"graveyard:dark_iron_door":1,"minecraft:gunpowder":5,"minecraft:shield":1,"minecraft:dirt":9,"minecraft:string":4,"minecraft:lantern":1,"minecraft:moss_carpet":1,"minecraft:cooked_mutton":1,"naturalist:bass":4,"minecraft:bone":15,"minecraft:acacia_planks":1,"graveyard:corruption":1,"minecraft:deepslate_tiles":4,"minecraft:wheat_seeds":2,"minecraft:iron_ingot":2,"minecraft:cobweb":5,"minecraft:jungle_sapling":4,"minecraft:bamboo":20,"minecraft:melon_slice":105,"minecraft:sugar_cane":17,"minecraft:acacia_sapling":7,"minecraft:egg":1,"minecraft:tipped_arrow":3,"naturalist:duck":1,"minecraft:stick":13,"minecraft:raw_iron":21,"minecraft:polished_deepslate_slab":1,"minecraft:jungle_door":1,"minecraft:cooked_porkchop":2,"minecraft:torch":2,"minecraft:acacia_log":18,"minecraft:jungle_planks":2,"minecraft:slime_ball":1,"minecraft:white_candle":4,"minecraft:arrow":1,"minecraft:rotten_flesh":4,"minecraft:stone_axe":1,"minecraft:soul_lantern":1,"minecraft:granite":2,"graveyard:gray_urn":1,"minecraft:mangrove_roots":1,"minecraft:emerald":3,"minecraft:oak_sapling":2,"minecraft:deepslate_brick_stairs":2,"minecraft:mutton":6,"minecraft:coal":59,"minecraft:white_wool":5,"minecraft:cobblestone":81},"minecraft:used":{"minecraft:stone_pickaxe":118,"minecraft:shield":27,"minecraft:wooden_pickaxe":32,"minecraft:iron_sword":90,"minecraft:iron_chestplate":1,"minecraft:white_wool":1,"minecraft:torch":10,"minecraft:golden_apple":1,"minecraft:dirt":8,"minecraft:crafting_table":4,"minecraft:jungle_planks":112,"minecraft:acacia_sapling":4,"naturalist:cooked_bass":4,"minecraft:lantern":1,"minecraft:melon_slice":93,"minecraft:iron_pickaxe":25,"graveyard:dark_iron_door":1,"minecraft:stone_axe":126,"naturalist:cooked_duck":1,"minecraft:cobblestone":64,"minecraft:cooked_porkchop":2,"minecraft:furnace":1,"minecraft:acacia_planks":49},"minecraft:killed_by":{"minecraft:player":1}},"DataVersion":3465}