{"stats":{"minecraft:killed_by":{"minecraft:player":1},"minecraft:used":{"minecraft:melon_slice":8,"minecraft:stone_pickaxe":85,"minecraft:wooden_pickaxe":32,"minecraft:stone_axe":100,"minecraft:torch":2,"minecraft:dirt":8,"minecraft:cobblestone":7,"minecraft:crafting_table":1,"minecraft:acacia_sapling":4},"minecraft:picked_up":{"minecraft:raw_iron":8,"minecraft:stick":11,"minecraft:coarse_dirt":1,"minecraft:jungle_log":152,"minecraft:torch":2,"minecraft:acacia_log":18,"minecraft:oak_log":4,"minecraft:lantern":1,"minecraft:dirt":9,"minecraft:bone":2,"minecraft:arrow":1,"minecraft:rotten_flesh":4,"minecraft:stone_axe":1,"minecraft:jungle_sapling":4,"minecraft:bamboo":13,"minecraft:oak_sapling":2,"minecraft:melon_slice":9,"minecraft:acacia_sapling":7,"minecraft:coal":51,"minecraft:cobblestone":48,"minecraft:egg":1},"minecraft:crafted":{"minecraft:crafting_table":1,"minecraft:stick":12,"minecraft:wooden_pickaxe":1,"minecraft:stone_pickaxe":1,"minecraft:wooden_axe":1,"minecraft:stone_sword":1,"minecraft:acacia_planks":40,"minecraft:stone_axe":1},"minecraft:killed":{"minecraft:skeleton":2,"minecraft:zombie":3,"creeperoverhaul:bamboo_creeper":1},"minecraft:custom":{"minecraft:time_since_rest":20057,"minecraft:sprint_one_cm":51127,"minecraft:damage_taken":866,"minecraft:walk_one_cm":62331,"minecraft:mob_kills":6,"minecraft:drop":2,"minecraft:damage_dealt":1355,"minecraft:swim_one_cm":1970,"minecraft:interact_with_crafting_table":4,"minecraft:fly_one_cm":49671,"minecraft:open_barrel":3,"minecraft:crouch_one_cm":2112,"minecraft:play_time":28816,"minecraft:deaths":1,"minecraft:sneak_time":1556,"minecraft:walk_under_water_one_cm":1375,"minecraft:jump":502,"minecraft:walk_on_water_one_cm":3357,"minecraft:time_since_death":20028,"minecraft:climb_one_cm":3078,"minecraft:total_world_time":28816,"minecraft:fall_one_cm":20321},"minecraft:mined":{"minecraft:coarse_dirt":1,"minecraft:iron_ore":8,"treechop:chopped_log":6,"minecraft:grass":4,"minecraft:melon":2,"minecraft:grass_block":6,"minecraft:coal_ore":52,"minecraft:vine":11,"minecraft:lantern":1,"minecraft:dirt":4,"minecraft:bamboo":1,"minecraft:stone":50},"minecraft:dropped":{"minecraft:stone_axe":1,"minecraft:melon_slice":1}},"DataVersion":3465}