{"stats":{"minecraft:mined":{"minecraft:deepslate_tiles":1,"minecraft:tuff":1,"minecraft:white_bed":4,"minecraft:deepslate_diamond_ore":3,"minecraft:carved_pumpkin":1,"minecraft:granite":1,"minecraft:grass_block":6,"minecraft:jungle_planks":1,"graveyard:dark_iron_door":1,"minecraft:coal_block":2,"minecraft:spawner":1,"graveyard:wither_skull_with_rib_cage":1,"minecraft:tall_seagrass":1,"minecraft:iron_ore":62,"minecraft:barrel":1,"graveyard:leaning_wither_skeleton":1,"minecraft:andesite":4,"treechop:chopped_log":6,"minecraft:bookshelf":47,"minecraft:deepslate_iron_ore":18,"minecraft:vine":12,"minecraft:purple_carpet":3,"minecraft:lantern":1,"minecraft:deepslate_brick_stairs":1,"minecraft:bamboo":2,"minecraft:stone":101,"minecraft:potted_lily_of_the_valley":1,"minecraft:soul_lantern":1,"minecraft:oak_fence":1,"minecraft:emerald_ore":1,"minecraft:melon":20,"minecraft:copper_ore":6,"minecraft:tall_grass":4,"minecraft:cobblestone":15,"minecraft:oak_planks":1,"minecraft:sugar_cane":10,"minecraft:coarse_dirt":2,"graveyard:skull_with_rib_cage":1,"minecraft:beehive":1,"minecraft:mangrove_leaves":2,"graveyard:skull_pile":1,"minecraft:grass":24,"minecraft:coal_ore":61,"minecraft:ochre_froglight":1,"minecraft:sunflower":2,"minecraft:dirt":4,"minecraft:cobweb":6,"minecraft:acacia_planks":1,"minecraft:deepslate":3,"minecraft:oak_leaves":3,"minecraft:fern":1},"minecraft:broken":{"minecraft:stone_axe":1},"minecraft:dropped":{"minecraft:enchanted_book":5,"minecraft:iron_ingot":1,"minecraft:porkchop":1,"minecraft:wheat_seeds":1,"minecraft:oak_log":4,"minecraft:crafting_table":1,"minecraft:iron_helmet":3,"minecraft:feather":3,"minecraft:cobblestone":1,"minecraft:granite":2,"minecraft:jungle_planks":115,"minecraft:cobweb":10,"minecraft:mutton":6,"minecraft:wooden_axe":1,"minecraft:melon_slice":12,"minecraft:jungle_door":1,"minecraft:iron_leggings":4,"minecraft:string":1,"minecraft:stone_axe":1,"minecraft:wheat":1,"minecraft:polished_deepslate_slab":1,"minecraft:iron_boots":3,"minecraft:fern":1,"minecraft:white_candle":8,"minecraft:deepslate_tiles":4,"minecraft:flower_pot":2,"minecraft:spruce_planks":1,"minecraft:iron_chestplate":4,"minecraft:jungle_log":8,"minecraft:barrel":1,"minecraft:slime_ball":1,"minecraft:arrow":7,"minecraft:wooden_pickaxe":1,"minecraft:written_book":2,"minecraft:egg":2},"minecraft:crafted":{"naturalist:cooked_duck":1,"minecraft:cooked_chicken":3,"minecraft:furnace":1,"naturalist:cooked_bass":4,"minecraft:bow":1,"minecraft:iron_boots":1,"minecraft:stone_pickaxe":1,"minecraft:chest":2,"minecraft:crafting_table":5,"minecraft:wooden_pickaxe":1,"travelersbackpack:standard":1,"minecraft:iron_helmet":1,"minecraft:bucket":1,"minecraft:stone_axe":1,"minecraft:jungle_planks":468,"minecraft:iron_chestplate":1,"minecraft:stick":48,"minecraft:iron_ingot":21,"minecraft:iron_pickaxe":2,"minecraft:wooden_axe":1,"minecraft:stone_sword":1,"minecraft:iron_leggings":1,"minecraft:acacia_planks":72,"minecraft:torch":152},"minecraft:killed":{"minecraft:vex":1,"graveyard:corrupted_vindicator":4,"graveyard:wraith":10,"naturalist:duck":1,"naturalist:boar":1,"creeperoverhaul:bamboo_creeper":1,"naturalist:snail":1,"minecraft:skeleton":3,"minecraft:chicken":4,"naturalist:bass":3,"naturalist:butterfly":1,"minecraft:creeper":1,"minecraft:sheep":4,"minecraft:pillager":3,"minecraft:zombie":6,"minecraft:enderman":1,"minecraft:cow":2},"minecraft:custom":{"minecraft:interact_with_smithing_table":3,"minecraft:mob_kills":47,"minecraft:interact_with_crafting_table":34,"minecraft:open_barrel":5,"minecraft:interact_with_campfire":3,"minecraft:bell_ring":11,"minecraft:eat_cake_slice":5,"minecraft:leave_game":1,"minecraft:time_since_death":50461,"minecraft:climb_one_cm":18483,"minecraft:sprint_one_cm":524709,"minecraft:walk_one_cm":509979,"minecraft:damage_blocked_by_shield":1426,"minecraft:drop":90,"minecraft:talked_to_villager":1,"minecraft:play_time":206690,"minecraft:deaths":3,"minecraft:sneak_time":7963,"minecraft:walk_under_water_one_cm":29813,"minecraft:interact_with_lectern":1,"minecraft:jump":4546,"minecraft:interact_with_blast_furnace":3,"minecraft:walk_on_water_one_cm":41229,"minecraft:total_world_time":206690,"minecraft:interact_with_furnace":27,"minecraft:sleep_in_bed":6,"minecraft:time_since_rest":29107,"minecraft:damage_taken":5702,"minecraft:damage_absorbed":40,"minecraft:damage_dealt":8660,"minecraft:swim_one_cm":67723,"minecraft:fly_one_cm":401394,"minecraft:open_chest":38,"minecraft:crouch_one_cm":5864,"minecraft:interact_with_smoker":7,"minecraft:fall_one_cm":97467},"minecraft:picked_up":{"minecraft:crafting_table":1,"minecraft:mud":1,"minecraft:coarse_dirt":2,"minecraft:wheat":1,"minecraft:allium":1,"minecraft:azure_bluet":1,"minecraft:chicken":4,"minecraft:flower_pot":3,"minecraft:shield":1,"minecraft:raw_copper":17,"minecraft:string":8,"minecraft:moss_carpet":1,"minecraft:iron_leggings":8,"minecraft:armor_stand":4,"graveyard:corruption":4,"minecraft:deepslate_tiles":4,"minecraft:cobbled_deepslate":3,"minecraft:spruce_planks":2,"minecraft:beef":6,"minecraft:written_book":2,"minecraft:jungle_sapling":4,"minecraft:coal_block":2,"minecraft:melon_slice":105,"minecraft:sugar_cane":17,"minecraft:iron_boots":6,"minecraft:egg":3,"minecraft:beehive":1,"minecraft:polished_deepslate_slab":1,"minecraft:tipped_arrow":7,"minecraft:stick":13,"minecraft:raw_iron":80,"naturalist:duck":1,"minecraft:jungle_door":1,"travelersbackpack:iron_tier_upgrade":1,"minecraft:torch":2,"minecraft:acacia_log":18,"minecraft:porkchop":3,"minecraft:tnt":6,"minecraft:arrow":5,"minecraft:rotten_flesh":4,"graveyard:gray_urn":1,"minecraft:carved_pumpkin":1,"minecraft:mangrove_roots":1,"supplementaries:ash":3,"minecraft:deepslate_brick_stairs":2,"minecraft:glow_berries":1,"minecraft:mutton":6,"minecraft:cod":2,"minecraft:white_wool":5,"minecraft:cobblestone":118,"minecraft:cracked_deepslate_tiles":1,"minecraft:cooked_beef":5,"minecraft:feather":3,"minecraft:oxidized_copper":4,"minecraft:andesite":4,"minecraft:jungle_log":184,"minecraft:leather":5,"minecraft:fern":1,"minecraft:ochre_froglight":1,"minecraft:oak_log":4,"graveyard:dark_iron_door":1,"minecraft:gunpowder":5,"minecraft:dirt":9,"minecraft:lantern":7,"minecraft:purple_carpet":3,"minecraft:cooked_mutton":3,"naturalist:bass":4,"minecraft:bone":33,"minecraft:acacia_planks":1,"minecraft:bow":3,"minecraft:wheat_seeds":3,"minecraft:orange_tulip":1,"minecraft:iron_ingot":8,"minecraft:cooked_chicken":2,"minecraft:cobweb":10,"minecraft:bamboo":40,"minecraft:oak_planks":1,"minecraft:acacia_sapling":7,"minecraft:book":135,"minecraft:scaffolding":2,"minecraft:cooked_porkchop":4,"minecraft:dandelion":1,"minecraft:jungle_planks":72,"minecraft:white_bed":6,"minecraft:barrel":1,"travelersbackpack:standard":1,"minecraft:white_candle":8,"minecraft:diamond":3,"minecraft:slime_ball":1,"minecraft:stone_axe":1,"minecraft:soul_lantern":1,"minecraft:iron_helmet":6,"minecraft:granite":2,"minecraft:crossbow":3,"minecraft:spruce_button":1,"minecraft:emerald":44,"minecraft:baked_potato":5,"minecraft:oak_sapling":2,"minecraft:coal":60,"minecraft:iron_chestplate":9},"minecraft:used":{"minecraft:armor_stand":4,"minecraft:chest":2,"minecraft:shield":46,"minecraft:iron_sword":179,"minecraft:cooked_chicken":3,"minecraft:iron_chestplate":2,"minecraft:torch":56,"minecraft:dirt":8,"minecraft:jungle_planks":204,"minecraft:allium":1,"naturalist:cooked_bass":4,"minecraft:acacia_sapling":4,"minecraft:beehive":1,"minecraft:iron_axe":49,"minecraft:lantern":1,"minecraft:iron_helmet":3,"minecraft:iron_boots":2,"minecraft:written_book":1,"minecraft:scaffolding":2,"minecraft:furnace":1,"minecraft:egg":1,"minecraft:cooked_beef":8,"minecraft:acacia_planks":49,"minecraft:iron_leggings":1,"minecraft:cooked_mutton":5,"minecraft:water_bucket":5,"minecraft:stone_pickaxe":118,"minecraft:orange_tulip":1,"minecraft:wooden_pickaxe":32,"minecraft:white_wool":1,"minecraft:glow_berries":1,"minecraft:golden_apple":1,"minecraft:crafting_table":5,"minecraft:crossbow":3,"minecraft:white_bed":5,"minecraft:bread":10,"minecraft:melon_slice":93,"minecraft:iron_pickaxe":144,"graveyard:dark_iron_door":1,"minecraft:stone_axe":126,"travelersbackpack:standard":1,"minecraft:cobblestone":77,"naturalist:cooked_duck":1,"minecraft:porkchop":2,"minecraft:cooked_porkchop":4,"minecraft:andesite":4,"minecraft:bucket":12,"minecraft:coarse_dirt":1,"minecraft:purple_carpet":3,"minecraft:dandelion":1},"minecraft:killed_by":{"minecraft:player":1,"naturalist:lion":1}},"DataVersion":3465}