{"stats":{"minecraft:dropped":{"minecraft:glow_ink_sac":2,"minecraft:cooked_porkchop":2,"minecraft:deepslate_tile_wall":1,"minecraft:leather":2,"graveyard:corruption":7,"minecraft:cod":2,"minecraft:cobblestone_stairs":1,"minecraft:emerald":58,"minecraft:cornflower":2,"minecraft:writable_book":3,"minecraft:bone_meal":64,"minecraft:iron_pickaxe":3,"minecraft:birch_log":5,"minecraft:white_wool":3,"minecraft:armor_stand":1,"minecraft:white_tulip":2,"minecraft:stone_axe":1,"hangglider:hang_glider":2,"minecraft:iron_nugget":25,"minecraft:wheat":1,"minecraft:birch_sapling":5,"minecraft:deepslate_brick_slab":2,"minecraft:rotten_flesh":13,"minecraft:cooked_mutton":3,"minecraft:chainmail_chestplate":1,"minecraft:tipped_arrow":4,"minecraft:skeleton_skull":1,"minecraft:stone_brick_wall":8,"minecraft:hopper":1,"minecraft:leather_boots":1,"minecraft:azalea":13,"minecraft:chest":2,"minecraft:spruce_slab":1,"minecraft:scaffolding":2,"minecraft:written_book":1,"minecraft:purple_carpet":2,"minecraft:bread":2,"minecraft:iron_ingot":1,"minecraft:oak_slab":5,"minecraft:wheat_seeds":90,"minecraft:golden_helmet":1,"minecraft:poisonous_potato":1,"minecraft:feather":2,"minecraft:cobblestone":21,"minecraft:deepslate_tile_slab":32,"minecraft:chainmail_helmet":1,"minecraft:stick":7,"minecraft:ink_sac":4,"minecraft:torch":5,"minecraft:rabbit":1,"minecraft:jungle_door":4,"minecraft:iron_leggings":1,"minecraft:pumpkin":1,"minecraft:flowering_azalea":3,"minecraft:iron_axe":4,"minecraft:chainmail_leggings":3,"minecraft:iron_shovel":2,"minecraft:string":3,"minecraft:acacia_planks":26,"minecraft:dandelion":6,"minecraft:stone_brick_slab":16,"minecraft:pink_tulip":1,"minecraft:anvil":1,"minecraft:oak_trapdoor":3,"minecraft:raw_copper":9,"minecraft:smooth_stone_slab":2,"minecraft:stone_shovel":2,"minecraft:chicken":1,"minecraft:iron_hoe":1,"minecraft:pumpkin_seeds":3,"minecraft:lily_of_the_valley":3,"minecraft:cobblestone_slab":7,"minecraft:hay_block":4,"minecraft:allium":12,"minecraft:peony":2,"minecraft:iron_chestplate":2,"minecraft:diamond_pickaxe":1,"minecraft:andesite":206,"minecraft:stone_pressure_plate":4,"minecraft:stone_bricks":2,"minecraft:bow":1,"minecraft:stone_pickaxe":1},"minecraft:mined":{"minecraft:spruce_planks":1,"minecraft:stone_pressure_plate":1,"minecraft:white_bed":4,"minecraft:farmland":2,"minecraft:cobbled_deepslate_stairs":1,"minecraft:jungle_leaves":5,"minecraft:obsidian":4,"minecraft:stone_brick_wall":18,"minecraft:deepslate_tile_wall":9,"minecraft:grass_block":108,"minecraft:coal_block":23,"minecraft:composter":1,"minecraft:hopper":9,"minecraft:spawner":1,"minecraft:dark_oak_trapdoor":2,"minecraft:iron_ore":59,"minecraft:cobbled_deepslate":1,"graveyard:leaning_wither_skeleton":1,"minecraft:pumpkin":1,"minecraft:anvil":1,"minecraft:cave_vines":1,"minecraft:polished_deepslate_slab":1,"minecraft:oak_stairs":1,"minecraft:purple_carpet":1,"minecraft:pink_tulip":1,"minecraft:iron_block":1,"minecraft:spruce_slab":1,"minecraft:jungle_door":3,"minecraft:red_bed":3,"minecraft:soul_fire":1,"minecraft:deepslate_tile_slab":33,"minecraft:light_gray_terracotta":1,"minecraft:blast_furnace":1,"minecraft:poppy":2,"minecraft:melon":5,"minecraft:cobblestone":1,"minecraft:oak_planks":29,"graveyard:lying_skeleton":1,"minecraft:sugar_cane":1,"minecraft:wall_torch":1,"minecraft:amethyst_block":1,"minecraft:pink_petals":1,"minecraft:skeleton_skull":2,"minecraft:chain":7,"minecraft:wheat":55,"minecraft:black_bed":1,"minecraft:smooth_stone_slab":7,"minecraft:yellow_stained_glass_pane":2,"minecraft:grass":33,"minecraft:oak_log":39,"minecraft:sand":55,"minecraft:dirt":81,"minecraft:smooth_basalt":1,"minecraft:oak_leaves":11,"minecraft:deepslate":155,"minecraft:deepslate_tiles":1,"minecraft:mossy_cobblestone":1,"minecraft:deepslate_diamond_ore":3,"minecraft:oak_door":1,"minecraft:cobbled_deepslate_slab":1,"minecraft:spruce_fence":8,"minecraft:jungle_planks":4,"travelersbackpack:white_sleeping_bag":1,"minecraft:hay_block":26,"minecraft:deepslate_brick_slab":34,"minecraft:oak_trapdoor":12,"minecraft:furnace":12,"minecraft:carrots":32,"minecraft:black_glazed_terracotta":11,"minecraft:andesite":418,"minecraft:dark_oak_fence_gate":2,"treechop:chopped_log":12,"minecraft:gold_block":1,"minecraft:bookshelf":58,"minecraft:potatoes":352,"minecraft:deepslate_iron_ore":6,"minecraft:cobblestone_slab":21,"minecraft:bamboo":3,"minecraft:stone":101,"minecraft:smithing_table":1,"minecraft:oak_slab":48,"minecraft:scaffolding":2,"minecraft:glass_pane":2,"minecraft:soul_torch":1,"minecraft:stone_brick_slab":7,"minecraft:oak_fence":13,"minecraft:crafting_table":7,"minecraft:emerald_ore":1,"minecraft:lectern":1,"minecraft:copper_ore":10,"minecraft:tall_grass":5,"minecraft:spruce_stairs":1,"graveyard:vase_block":1,"graveyard:skull_with_rib_cage":1,"minecraft:acacia_fence_gate":1,"minecraft:white_wall_banner":1,"minecraft:coal_ore":20,"minecraft:sunflower":1,"minecraft:cherry_leaves":4,"minecraft:gravel":4,"minecraft:flower_pot":1,"openblocks:elevator_block":6,"minecraft:cobweb":3,"minecraft:stone_bricks":61,"minecraft:polished_andesite":2,"minecraft:fern":8},"minecraft:used":{"minecraft:writable_book":3,"minecraft:iron_shovel":213,"minecraft:dispenser":1,"minecraft:chest":6,"minecraft:shield":105,"minecraft:iron_sword":162,"minecraft:iron_chestplate":2,"openblocks:elevator_block":7,"minecraft:deepslate_brick_slab":145,"minecraft:jungle_planks":49,"minecraft:carrot":118,"minecraft:deepslate_tile_slab":163,"minecraft:axolotl_bucket":7,"minecraft:glass":18,"minecraft:lava_bucket":2,"minecraft:lantern":4,"minecraft:iron_helmet":1,"minecraft:bow":26,"minecraft:written_book":1,"minecraft:furnace":10,"minecraft:cooked_cod":2,"minecraft:skeleton_skull":3,"minecraft:egg":4,"minecraft:potato":538,"minecraft:stone_pickaxe":77,"minecraft:oak_planks":339,"minecraft:wooden_pickaxe":9,"minecraft:chainmail_helmet":1,"minecraft:blue_bed":1,"minecraft:glow_berries":6,"naturalist:snail_bucket":1,"minecraft:light_gray_terracotta":1,"minecraft:black_bed":1,"minecraft:cobbled_deepslate_stairs":1,"minecraft:melon_slice":41,"minecraft:bread":72,"minecraft:lectern":1,"minecraft:diamond_sword":4,"minecraft:smithing_table":1,"minecraft:andesite":140,"minecraft:chain":20,"minecraft:smooth_stone_slab":4,"minecraft:golden_pickaxe":4,"minecraft:bone_meal":183,"minecraft:experience_bottle":1,"minecraft:azalea":2,"minecraft:enchanting_table":1,"minecraft:white_tulip":7,"minecraft:stone_shovel":24,"minecraft:cooked_salmon":2,"minecraft:torch":2,"minecraft:dirt":183,"minecraft:anvil":2,"minecraft:hopper":19,"minecraft:iron_hoe":324,"minecraft:stone_brick_slab":32,"minecraft:bookshelf":28,"minecraft:iron_axe":492,"minecraft:iron_boots":2,"minecraft:smooth_basalt":1,"minecraft:bamboo":25,"minecraft:stone_pressure_plate":1,"minecraft:cooked_beef":13,"minecraft:cobbled_deepslate":1,"minecraft:acacia_planks":69,"minecraft:iron_leggings":1,"minecraft:wheat_seeds":13,"minecraft:cooked_mutton":6,"minecraft:water_bucket":65,"minecraft:pink_tulip":1,"minecraft:amethyst_block":1,"minecraft:polished_andesite":2,"minecraft:stonecutter":1,"minecraft:cobblestone_slab":13,"minecraft:leather_boots":2,"minecraft:crafting_table":13,"minecraft:red_bed":4,"minecraft:white_bed":2,"minecraft:deepslate_tile_wall":17,"minecraft:cornflower":1,"minecraft:diamond_pickaxe":818,"minecraft:apple":2,"minecraft:iron_pickaxe":189,"minecraft:oak_button":1,"minecraft:stone_axe":31,"travelersbackpack:standard":20,"minecraft:cobblestone":21,"minecraft:white_banner":1,"minecraft:cooked_porkchop":14,"minecraft:jungle_door":3,"minecraft:bucket":77,"minecraft:soul_torch":1},"minecraft:broken":{"minecraft:iron_sword":1,"minecraft:iron_hoe":1,"minecraft:shield":1,"minecraft:iron_axe":1},"minecraft:picked_up":{"minecraft:iron_chestplate":2,"minecraft:wheat":51,"minecraft:chainmail_boots":1,"minecraft:anvil":1,"minecraft:smithing_table":1,"minecraft:lead":2,"openblocks:elevator_block":7,"minecraft:enchanted_book":5,"minecraft:amethyst_block":1,"minecraft:string":3,"minecraft:raw_copper":37,"minecraft:smooth_stone_slab":6,"minecraft:iron_leggings":1,"minecraft:armor_stand":1,"minecraft:experience_bottle":1,"minecraft:cobbled_deepslate":205,"minecraft:bucket":1,"minecraft:black_glazed_terracotta":11,"minecraft:white_tulip":9,"minecraft:written_book":1,"minecraft:cobblestone_slab":20,"minecraft:azalea":15,"minecraft:iron_pickaxe":2,"minecraft:deepslate_tile_wall":8,"hangglider:hang_glider":2,"minecraft:melon_slice":41,"minecraft:coal_block":23,"minecraft:furnace":11,"minecraft:dark_oak_door":1,"minecraft:tipped_arrow":4,"minecraft:golden_helmet":1,"minecraft:stick":33,"minecraft:jungle_door":4,"minecraft:torch":4,"minecraft:acacia_log":22,"minecraft:rotten_flesh":19,"minecraft:iron_block":1,"minecraft:bookshelf":15,"minecraft:obsidian":4,"minecraft:cod":2,"minecraft:cobblestone":105,"minecraft:birch_log":5,"minecraft:feather":5,"minecraft:cooked_beef":24,"minecraft:andesite":511,"minecraft:jungle_log":8,"minecraft:black_bed":1,"minecraft:potato":1157,"supplementaries:flax_seeds":2,"minecraft:dirt":183,"minecraft:lantern":9,"minecraft:purple_carpet":2,"minecraft:bone":17,"minecraft:acacia_planks":22,"minecraft:bow":2,"minecraft:wheat_seeds":94,"minecraft:deepslate_brick_slab":48,"minecraft:cobbled_deepslate_slab":1,"minecraft:rabbit":1,"minecraft:bamboo":31,"minecraft:oak_planks":28,"minecraft:cooked_porkchop":16,"minecraft:poisonous_potato":5,"minecraft:sand":55,"minecraft:jungle_planks":167,"minecraft:ink_sac":4,"minecraft:lily_of_the_valley":3,"minecraft:light_gray_terracotta":1,"minecraft:polished_andesite":2,"minecraft:diamond":3,"minecraft:writable_book":3,"minecraft:emerald":58,"minecraft:chainmail_helmet":2,"minecraft:diamond_pickaxe":1,"minecraft:crafting_table":7,"minecraft:allium":24,"minecraft:chicken":4,"minecraft:stone_brick_wall":8,"minecraft:gold_block":1,"minecraft:chain":7,"minecraft:shield":1,"minecraft:cornflower":5,"minecraft:oak_trapdoor":12,"minecraft:red_bed":3,"minecraft:iron_axe":3,"graveyard:corruption":24,"minecraft:beef":38,"minecraft:jungle_sapling":1,"minecraft:poppy":1,"minecraft:spruce_slab":1,"minecraft:lectern":1,"minecraft:sugar_cane":4,"minecraft:chest":4,"minecraft:birch_sapling":5,"minecraft:egg":1,"minecraft:raw_iron":70,"minecraft:spruce_fence":2,"minecraft:carrot":118,"minecraft:stone_pressure_plate":5,"minecraft:arrow":33,"minecraft:stone_shovel":1,"minecraft:peony":2,"minecraft:deepslate_bricks":1,"minecraft:diamond_boots":1,"minecraft:hay_block":27,"minecraft:pink_tulip":2,"minecraft:totem_of_undying":2,"minecraft:glow_berries":6,"minecraft:skeleton_skull":3,"minecraft:white_wool":9,"minecraft:cracked_deepslate_tiles":1,"minecraft:glow_ink_sac":8,"minecraft:salmon":2,"minecraft:leather":38,"minecraft:oak_log":98,"minecraft:chainmail_chestplate":1,"minecraft:cobbled_deepslate_stairs":1,"minecraft:gunpowder":3,"minecraft:cobblestone_stairs":1,"minecraft:deepslate_tile_slab":35,"minecraft:white_banner":2,"minecraft:cooked_mutton":10,"minecraft:apple":2,"minecraft:stone_bricks":2,"minecraft:rabbit_hide":1,"minecraft:iron_ingot":6,"minecraft:flowering_azalea":3,"minecraft:acacia_sapling":10,"minecraft:book":117,"minecraft:scaffolding":2,"minecraft:oak_slab":5,"minecraft:smooth_basalt":1,"minecraft:pumpkin":2,"minecraft:stone_brick_slab":3,"minecraft:dandelion":6,"minecraft:soul_torch":1,"minecraft:blast_furnace":1,"minecraft:white_bed":5,"minecraft:pumpkin_seeds":3,"minecraft:chainmail_leggings":3,"minecraft:cherry_sapling":2,"minecraft:coal":110,"minecraft:hopper":20,"minecraft:sunflower":1},"minecraft:custom":{"minecraft:interact_with_crafting_table":85,"minecraft:open_barrel":21,"minecraft:eat_cake_slice":1,"minecraft:leave_game":7,"minecraft:time_since_death":292030,"minecraft:sprint_one_cm":1134785,"minecraft:damage_blocked_by_shield":3321,"minecraft:drop":168,"minecraft:talked_to_villager":5,"minecraft:play_time":455127,"minecraft:deaths":1,"minecraft:jump":7737,"minecraft:interact_with_brewingstand":2,"minecraft:walk_on_water_one_cm":78854,"minecraft:interact_with_furnace":71,"minecraft:sleep_in_bed":19,"minecraft:damage_dealt":21394,"minecraft:crouch_one_cm":79921,"minecraft:interact_with_smoker":15,"minecraft:inspect_dispenser":7,"minecraft:interact_with_smithing_table":5,"minecraft:interact_with_anvil":6,"minecraft:mob_kills":137,"minecraft:inspect_hopper":12,"minecraft:interact_with_campfire":4,"minecraft:climb_one_cm":17615,"minecraft:walk_one_cm":1263378,"minecraft:target_hit":4,"minecraft:sneak_time":27089,"minecraft:walk_under_water_one_cm":79367,"minecraft:interact_with_lectern":4,"minecraft:interact_with_blast_furnace":18,"minecraft:total_world_time":455127,"minecraft:raid_trigger":1,"minecraft:interact_with_stonecutter":14,"minecraft:time_since_rest":39870,"minecraft:damage_taken":5425,"minecraft:swim_one_cm":191156,"minecraft:fly_one_cm":1327116,"minecraft:open_chest":145,"minecraft:fall_one_cm":182867},"minecraft:crafted":{"minecraft:oak_planks":392,"hangglider:hang_glider":1,"minecraft:chain":13,"minecraft:stone":28,"minecraft:bookshelf":10,"minecraft:glass":55,"minecraft:diamond_leggings":1,"minecraft:diamond_helmet":1,"minecraft:chest":5,"minecraft:oak_button":1,"travelersbackpack:iron_tier_upgrade":1,"minecraft:emerald":9,"minecraft:crafting_table":7,"minecraft:wooden_pickaxe":1,"travelersbackpack:standard":5,"minecraft:dispenser":1,"minecraft:iron_chestplate":1,"minecraft:diamond_pickaxe":2,"minecraft:shield":3,"minecraft:stick":27,"minecraft:iron_ingot":120,"minecraft:iron_pickaxe":1,"minecraft:gold_ingot":9,"hangglider:glider_framework":1,"minecraft:stone_shovel":1,"minecraft:iron_nugget":27,"minecraft:furnace":2,"minecraft:bone_meal":348,"hangglider:glider_wing":2,"travelersbackpack:blank_upgrade":4,"travelersbackpack:gold_tier_upgrade":1,"travelersbackpack:white_sleeping_bag":2,"minecraft:iron_axe":3,"minecraft:iron_hoe":2,"minecraft:stone_pickaxe":1,"minecraft:deepslate_tile_wall":10,"travelersbackpack:diamond_tier_upgrade":1,"minecraft:wheat":199,"minecraft:coal_block":18,"minecraft:red_dye":1,"minecraft:cooked_cod":2,"minecraft:diamond_sword":1,"minecraft:enchanting_table":1,"travelersbackpack:backpack_tank":6,"minecraft:deepslate_brick_slab":72,"minecraft:red_bed":1,"minecraft:blue_bed":1,"minecraft:cooked_salmon":2,"minecraft:stone_axe":1,"minecraft:bread":69,"minecraft:air":0,"minecraft:jungle_planks":32,"minecraft:blue_dye":1,"minecraft:jungle_door":3,"minecraft:iron_shovel":1,"minecraft:iron_leggings":1,"minecraft:stonecutter":1,"minecraft:acacia_planks":88,"minecraft:torch":4,"minecraft:diamond_chestplate":1},"minecraft:killed":{"minecraft:witch":1,"minecraft:spider":2,"graveyard:wraith":14,"naturalist:boar":2,"minecraft:skeleton":12,"graveyard:acolyte":4,"minecraft:chicken":3,"minecraft:parrot":1,"minecraft:pig":6,"minecraft:creeper":2,"minecraft:sheep":5,"minecraft:trader_llama":2,"minecraft:pillager":4,"minecraft:zombie":25,"graveyard:corrupted_pillager":3,"minecraft:cow":25,"minecraft:evoker":1,"graveyard:corrupted_vindicator":11,"naturalist:bass":1,"minecraft:drowned":1,"naturalist:bear":2,"minecraft:rabbit":1,"minecraft:wandering_trader":1,"minecraft:squid":1,"creeperoverhaul:ocean_creeper":2}},"DataVersion":3465}