{"stats":{"minecraft:mined":{"minecraft:deepslate_tiles":1,"minecraft:jungle_door":3,"minecraft:jungle_leaves":5,"minecraft:grass_block":7,"minecraft:melon":5,"minecraft:sugar_cane":1,"graveyard:vase_block":1,"minecraft:furnace":1,"minecraft:iron_ore":17,"minecraft:andesite":7,"treechop:chopped_log":3,"minecraft:grass":17,"minecraft:coal_ore":17,"minecraft:cobweb":2,"minecraft:stone":9,"minecraft:oak_leaves":11,"minecraft:deepslate":14,"minecraft:fern":8},"minecraft:dropped":{"minecraft:bread":1,"minecraft:chicken":1,"minecraft:cooked_mutton":2,"minecraft:emerald":1,"minecraft:torch":2},"minecraft:crafted":{"minecraft:crafting_table":2,"minecraft:wooden_pickaxe":1,"minecraft:furnace":1,"minecraft:cooked_salmon":2,"minecraft:stone_axe":1,"minecraft:air":0,"minecraft:jungle_planks":32,"minecraft:jungle_door":3,"minecraft:iron_chestplate":1,"minecraft:shield":1,"minecraft:stick":8,"minecraft:iron_ingot":8,"minecraft:stone_pickaxe":1,"minecraft:acacia_planks":88,"minecraft:torch":4},"minecraft:killed":{"minecraft:parrot":1,"graveyard:corrupted_vindicator":2,"graveyard:wraith":9,"minecraft:creeper":2,"minecraft:skeleton":5,"minecraft:sheep":1,"graveyard:acolyte":3,"minecraft:zombie":4,"creeperoverhaul:ocean_creeper":2,"graveyard:corrupted_pillager":1},"minecraft:custom":{"minecraft:interact_with_furnace":8,"minecraft:mob_kills":32,"minecraft:interact_with_crafting_table":18,"minecraft:open_barrel":7,"minecraft:leave_game":1,"minecraft:time_since_death":81130,"minecraft:climb_one_cm":8031,"minecraft:time_since_rest":81130,"minecraft:sprint_one_cm":146733,"minecraft:damage_taken":1639,"minecraft:walk_one_cm":193279,"minecraft:damage_blocked_by_shield":657,"minecraft:drop":7,"minecraft:damage_dealt":6064,"minecraft:swim_one_cm":79378,"minecraft:fly_one_cm":205321,"minecraft:open_chest":4,"minecraft:crouch_one_cm":13516,"minecraft:play_time":81130,"minecraft:sneak_time":5014,"minecraft:walk_under_water_one_cm":24961,"minecraft:interact_with_lectern":1,"minecraft:jump":1460,"minecraft:walk_on_water_one_cm":22950,"minecraft:interact_with_smoker":4,"minecraft:total_world_time":81130,"minecraft:fall_one_cm":39625},"minecraft:picked_up":{"minecraft:cracked_deepslate_tiles":1,"minecraft:feather":2,"minecraft:chainmail_boots":1,"minecraft:chicken":1,"minecraft:salmon":2,"minecraft:andesite":7,"minecraft:jungle_log":8,"minecraft:chainmail_chestplate":1,"minecraft:gunpowder":3,"minecraft:dirt":7,"minecraft:string":2,"minecraft:cooked_mutton":2,"minecraft:armor_stand":1,"minecraft:bone":4,"minecraft:apple":2,"graveyard:corruption":5,"minecraft:wheat_seeds":5,"minecraft:deepslate_brick_slab":1,"minecraft:cobbled_deepslate":14,"minecraft:iron_ingot":1,"minecraft:jungle_sapling":1,"minecraft:melon_slice":41,"minecraft:sugar_cane":4,"minecraft:acacia_sapling":10,"minecraft:egg":1,"minecraft:furnace":1,"minecraft:stick":13,"minecraft:raw_iron":22,"minecraft:jungle_door":2,"minecraft:acacia_log":22,"minecraft:pumpkin_seeds":3,"minecraft:arrow":13,"minecraft:rotten_flesh":4,"minecraft:chainmail_leggings":1,"minecraft:deepslate_bricks":1,"minecraft:chainmail_helmet":1,"minecraft:cod":2,"minecraft:coal":32,"minecraft:white_wool":1,"minecraft:cobblestone":11},"minecraft:used":{"minecraft:stone_pickaxe":57,"minecraft:shield":16,"minecraft:wooden_pickaxe":9,"minecraft:chainmail_helmet":1,"minecraft:iron_sword":94,"minecraft:cooked_salmon":2,"minecraft:iron_chestplate":1,"minecraft:torch":1,"minecraft:dirt":3,"minecraft:crafting_table":2,"minecraft:jungle_planks":6,"minecraft:apple":2,"minecraft:bread":13,"minecraft:melon_slice":41,"minecraft:stone_axe":31,"minecraft:cobblestone":5,"minecraft:bow":7,"minecraft:furnace":2,"minecraft:jungle_door":3,"minecraft:egg":1,"minecraft:acacia_planks":11}},"DataVersion":3465}