{"stats":{"minecraft:killed_by":{"minecraft:player":1},"minecraft:dropped":{"minecraft:golden_carrot":32,"minecraft:allium":6,"minecraft:lilac":4},"minecraft:picked_up":{"minecraft:allium":8,"minecraft:lilac":4,"minecraft:golden_carrot":90,"minecraft:wheat_seeds":2,"minecraft:dirt":11},"minecraft:mined":{"minecraft:grass":9,"minecraft:allium":3,"minecraft:grass_block":10,"minecraft:dirt":1,"minecraft:lilac":5},"minecraft:used":{"minecraft:dirt":11,"minecraft:golden_carrot":10,"minecraft:grass_block":5,"minecraft:allium":2,"supplementaries:slingshot":2,"minecraft:stick":15},"minecraft:custom":{"minecraft:open_barrel":6,"minecraft:open_chest":6,"minecraft:time_since_rest":7983,"minecraft:damage_taken":1978,"minecraft:play_time":27764,"minecraft:crouch_one_cm":608,"minecraft:sprint_one_cm":69291,"minecraft:walk_one_cm":66013,"minecraft:deaths":1,"minecraft:sneak_time":368,"minecraft:walk_under_water_one_cm":264,"minecraft:drop":11,"minecraft:jump":537,"minecraft:damage_dealt":113,"minecraft:leave_game":1,"minecraft:time_since_death":7954,"minecraft:walk_on_water_one_cm":2217,"minecraft:total_world_time":27764,"minecraft:climb_one_cm":608,"minecraft:talked_to_villager":4,"minecraft:fall_one_cm":31223,"minecraft:fly_one_cm":87961}},"DataVersion":3465}