{"stats":{"minecraft:picked_up":{"minecraft:iron_chestplate":2,"minecraft:crafting_table":3,"minecraft:wheat":1,"minecraft:allium":12,"minecraft:chainmail_boots":1,"minecraft:chicken":1,"minecraft:stone_brick_wall":4,"minecraft:enchanted_book":5,"minecraft:chain":7,"minecraft:shield":1,"minecraft:amethyst_block":1,"minecraft:cornflower":5,"minecraft:string":3,"minecraft:red_bed":3,"minecraft:iron_axe":1,"minecraft:smooth_stone_slab":6,"minecraft:iron_leggings":1,"minecraft:armor_stand":1,"minecraft:experience_bottle":1,"graveyard:corruption":24,"minecraft:cobbled_deepslate":205,"minecraft:bucket":1,"minecraft:beef":4,"minecraft:white_tulip":9,"minecraft:written_book":1,"minecraft:jungle_sapling":1,"minecraft:azalea":15,"minecraft:poppy":1,"minecraft:iron_pickaxe":1,"minecraft:deepslate_tile_wall":8,"minecraft:sugar_cane":4,"minecraft:melon_slice":41,"minecraft:coal_block":15,"minecraft:birch_sapling":1,"minecraft:egg":1,"minecraft:furnace":11,"minecraft:dark_oak_door":1,"minecraft:tipped_arrow":4,"minecraft:golden_helmet":1,"minecraft:raw_iron":70,"minecraft:stick":32,"minecraft:jungle_door":4,"minecraft:acacia_log":22,"minecraft:carrot":18,"minecraft:stone_pressure_plate":5,"minecraft:arrow":31,"minecraft:rotten_flesh":10,"minecraft:peony":2,"minecraft:deepslate_bricks":1,"minecraft:hay_block":11,"minecraft:iron_block":1,"minecraft:bookshelf":15,"minecraft:totem_of_undying":2,"minecraft:obsidian":4,"minecraft:cod":2,"minecraft:skeleton_skull":3,"minecraft:white_wool":9,"minecraft:cobblestone":94,"minecraft:cracked_deepslate_tiles":1,"minecraft:feather":2,"minecraft:cooked_beef":24,"minecraft:jungle_log":8,"minecraft:glow_ink_sac":8,"minecraft:andesite":48,"minecraft:salmon":2,"minecraft:black_bed":1,"minecraft:leather":9,"minecraft:potato":8,"minecraft:oak_log":55,"minecraft:chainmail_chestplate":1,"minecraft:cobbled_deepslate_stairs":1,"minecraft:gunpowder":3,"minecraft:deepslate_tile_slab":17,"minecraft:dirt":9,"minecraft:lantern":7,"minecraft:white_banner":1,"minecraft:purple_carpet":2,"minecraft:cooked_mutton":10,"minecraft:bone":16,"minecraft:acacia_planks":22,"minecraft:apple":2,"minecraft:bow":1,"minecraft:wheat_seeds":18,"minecraft:deepslate_brick_slab":47,"minecraft:cobbled_deepslate_slab":1,"minecraft:iron_ingot":5,"minecraft:oak_planks":12,"minecraft:flowering_azalea":3,"minecraft:acacia_sapling":10,"minecraft:book":105,"minecraft:scaffolding":2,"minecraft:smooth_basalt":1,"minecraft:cooked_porkchop":16,"minecraft:stone_brick_slab":1,"minecraft:dandelion":6,"minecraft:sand":24,"minecraft:jungle_planks":167,"minecraft:soul_torch":1,"minecraft:blast_furnace":1,"minecraft:white_bed":5,"minecraft:lily_of_the_valley":3,"minecraft:polished_andesite":2,"minecraft:pumpkin_seeds":3,"minecraft:diamond":3,"minecraft:chainmail_leggings":3,"minecraft:chainmail_helmet":2,"minecraft:emerald":41,"minecraft:coal":110,"minecraft:sunflower":1},"minecraft:dropped":{"minecraft:bread":2,"minecraft:iron_ingot":1,"minecraft:wheat_seeds":9,"minecraft:golden_helmet":1,"minecraft:glow_ink_sac":2,"minecraft:cooked_porkchop":2,"minecraft:feather":2,"minecraft:cobblestone":18,"graveyard:corruption":7,"minecraft:cod":2,"minecraft:emerald":41,"minecraft:torch":3,"minecraft:cornflower":2,"minecraft:jungle_door":4,"minecraft:bone_meal":64,"minecraft:flowering_azalea":3,"minecraft:iron_axe":2,"minecraft:iron_pickaxe":2,"minecraft:chainmail_leggings":3,"minecraft:string":3,"minecraft:white_wool":3,"minecraft:acacia_planks":26,"minecraft:armor_stand":1,"minecraft:dandelion":6,"minecraft:white_tulip":2,"minecraft:smooth_stone_slab":2,"minecraft:birch_sapling":1,"minecraft:wheat":1,"minecraft:chicken":1,"minecraft:deepslate_brick_slab":2,"minecraft:cooked_mutton":3,"minecraft:pumpkin_seeds":3,"minecraft:chainmail_chestplate":1,"minecraft:lily_of_the_valley":3,"minecraft:tipped_arrow":4,"minecraft:peony":2,"minecraft:skeleton_skull":1,"minecraft:iron_chestplate":1,"minecraft:stone_brick_wall":4,"minecraft:azalea":13,"minecraft:stone_pressure_plate":4,"minecraft:stone_pickaxe":1,"minecraft:scaffolding":2,"minecraft:written_book":1,"minecraft:purple_carpet":2},"minecraft:mined":{"minecraft:deepslate_tiles":1,"minecraft:spruce_planks":1,"minecraft:stone_pressure_plate":1,"minecraft:white_bed":4,"minecraft:deepslate_diamond_ore":3,"minecraft:cobbled_deepslate_stairs":1,"minecraft:jungle_leaves":5,"minecraft:stone_brick_wall":4,"minecraft:obsidian":4,"minecraft:cobbled_deepslate_slab":1,"minecraft:deepslate_tile_wall":9,"minecraft:grass_block":10,"minecraft:jungle_planks":3,"minecraft:coal_block":15,"minecraft:spawner":1,"minecraft:hay_block":11,"minecraft:deepslate_brick_slab":31,"minecraft:furnace":12,"minecraft:carrots":4,"minecraft:iron_ore":59,"minecraft:cobbled_deepslate":1,"graveyard:leaning_wither_skeleton":1,"minecraft:andesite":48,"treechop:chopped_log":10,"minecraft:bookshelf":52,"minecraft:potatoes":3,"minecraft:deepslate_iron_ore":6,"minecraft:polished_deepslate_slab":1,"minecraft:purple_carpet":1,"minecraft:iron_block":1,"minecraft:stone":83,"minecraft:scaffolding":2,"minecraft:jungle_door":3,"minecraft:red_bed":3,"minecraft:soul_fire":1,"minecraft:deepslate_tile_slab":16,"minecraft:soul_torch":1,"minecraft:stone_brick_slab":5,"minecraft:crafting_table":3,"minecraft:blast_furnace":1,"minecraft:emerald_ore":1,"minecraft:poppy":1,"minecraft:melon":5,"minecraft:tall_grass":3,"minecraft:cobblestone":1,"graveyard:lying_skeleton":1,"minecraft:oak_planks":13,"minecraft:sugar_cane":1,"minecraft:amethyst_block":1,"minecraft:skeleton_skull":2,"minecraft:chain":7,"graveyard:vase_block":1,"graveyard:skull_with_rib_cage":1,"minecraft:wheat":2,"minecraft:black_bed":1,"minecraft:white_wall_banner":1,"minecraft:smooth_stone_slab":7,"minecraft:yellow_stained_glass_pane":2,"minecraft:grass":21,"minecraft:coal_ore":20,"minecraft:gravel":4,"minecraft:sand":24,"minecraft:sunflower":1,"minecraft:flower_pot":1,"minecraft:cobweb":3,"minecraft:smooth_basalt":1,"minecraft:polished_andesite":2,"minecraft:oak_leaves":11,"minecraft:deepslate":155,"minecraft:fern":8},"minecraft:killed":{"minecraft:evoker":1,"minecraft:witch":1,"graveyard:corrupted_vindicator":11,"minecraft:spider":2,"graveyard:wraith":14,"naturalist:boar":2,"minecraft:skeleton":11,"graveyard:acolyte":4,"minecraft:parrot":1,"minecraft:pig":6,"minecraft:creeper":2,"minecraft:sheep":5,"minecraft:pillager":2,"minecraft:zombie":10,"creeperoverhaul:ocean_creeper":2,"graveyard:corrupted_pillager":3,"minecraft:cow":7},"minecraft:crafted":{"minecraft:oak_planks":136,"minecraft:stone_shovel":1,"minecraft:iron_nugget":27,"minecraft:chain":13,"minecraft:furnace":2,"minecraft:stone":28,"minecraft:bone_meal":165,"minecraft:glass":24,"travelersbackpack:white_sleeping_bag":2,"minecraft:iron_axe":2,"minecraft:stone_pickaxe":1,"minecraft:chest":4,"minecraft:deepslate_tile_wall":10,"minecraft:wheat":99,"minecraft:coal_block":2,"minecraft:red_dye":1,"minecraft:crafting_table":5,"minecraft:enchanting_table":1,"travelersbackpack:backpack_tank":4,"minecraft:wooden_pickaxe":1,"travelersbackpack:standard":2,"minecraft:deepslate_brick_slab":72,"minecraft:red_bed":1,"minecraft:blue_bed":1,"minecraft:cooked_salmon":2,"minecraft:stone_axe":1,"minecraft:bread":33,"minecraft:air":0,"minecraft:jungle_planks":32,"minecraft:blue_dye":1,"minecraft:jungle_door":3,"minecraft:iron_chestplate":1,"minecraft:diamond_pickaxe":1,"minecraft:shield":3,"minecraft:stick":16,"minecraft:iron_ingot":79,"minecraft:iron_pickaxe":1,"minecraft:iron_leggings":1,"minecraft:stonecutter":1,"minecraft:acacia_planks":88,"minecraft:torch":4},"minecraft:broken":{"minecraft:shield":1,"minecraft:iron_sword":1},"minecraft:custom":{"minecraft:mob_kills":88,"minecraft:interact_with_crafting_table":58,"minecraft:open_barrel":17,"minecraft:interact_with_campfire":4,"minecraft:leave_game":5,"minecraft:time_since_death":109265,"minecraft:climb_one_cm":13855,"minecraft:sprint_one_cm":639396,"minecraft:walk_one_cm":696025,"minecraft:damage_blocked_by_shield":3001,"minecraft:drop":85,"minecraft:talked_to_villager":4,"minecraft:play_time":272362,"minecraft:deaths":1,"minecraft:sneak_time":22875,"minecraft:walk_under_water_one_cm":54226,"minecraft:interact_with_lectern":3,"minecraft:interact_with_brewingstand":2,"minecraft:jump":4931,"minecraft:interact_with_blast_furnace":14,"minecraft:walk_on_water_one_cm":54851,"minecraft:total_world_time":272362,"minecraft:interact_with_furnace":64,"minecraft:interact_with_stonecutter":13,"minecraft:sleep_in_bed":13,"minecraft:time_since_rest":3151,"minecraft:damage_taken":4331,"minecraft:damage_dealt":15904,"minecraft:swim_one_cm":111008,"minecraft:fly_one_cm":754053,"minecraft:open_chest":53,"minecraft:crouch_one_cm":63865,"minecraft:interact_with_smoker":9,"minecraft:fall_one_cm":122547},"minecraft:used":{"minecraft:azalea":2,"minecraft:enchanting_table":1,"minecraft:white_tulip":7,"minecraft:stone_shovel":24,"minecraft:chest":2,"minecraft:shield":101,"minecraft:iron_sword":162,"minecraft:cooked_salmon":2,"minecraft:iron_chestplate":1,"minecraft:torch":1,"minecraft:dirt":3,"minecraft:jungle_planks":49,"minecraft:deepslate_brick_slab":145,"minecraft:deepslate_tile_slab":143,"minecraft:axolotl_bucket":7,"minecraft:stone_brick_slab":30,"minecraft:lava_bucket":2,"minecraft:bookshelf":18,"minecraft:iron_axe":193,"minecraft:smooth_basalt":1,"minecraft:bow":14,"minecraft:written_book":1,"minecraft:furnace":10,"minecraft:skeleton_skull":3,"minecraft:egg":4,"minecraft:stone_pressure_plate":1,"minecraft:cooked_beef":13,"minecraft:cobbled_deepslate":1,"minecraft:acacia_planks":69,"minecraft:cooked_mutton":6,"minecraft:water_bucket":47,"minecraft:amethyst_block":1,"minecraft:stone_pickaxe":77,"minecraft:polished_andesite":2,"minecraft:oak_planks":129,"minecraft:wooden_pickaxe":9,"minecraft:chainmail_helmet":1,"minecraft:blue_bed":1,"minecraft:stonecutter":1,"minecraft:leather_boots":1,"minecraft:crafting_table":7,"minecraft:red_bed":4,"minecraft:white_bed":2,"minecraft:cobbled_deepslate_stairs":1,"minecraft:black_bed":1,"minecraft:deepslate_tile_wall":17,"minecraft:cornflower":1,"minecraft:diamond_pickaxe":250,"minecraft:apple":2,"minecraft:iron_pickaxe":189,"minecraft:melon_slice":41,"minecraft:bread":27,"minecraft:stone_axe":31,"travelersbackpack:standard":2,"minecraft:cobblestone":20,"minecraft:andesite":41,"minecraft:cooked_porkchop":14,"minecraft:bucket":59,"minecraft:jungle_door":3,"minecraft:chain":19,"minecraft:smooth_stone_slab":4,"minecraft:experience_bottle":1,"minecraft:soul_torch":1}},"DataVersion":3465}