{"stats":{"minecraft:mined":{"minecraft:deepslate_tiles":1,"minecraft:spruce_planks":1,"minecraft:stone_pressure_plate":1,"minecraft:white_bed":4,"minecraft:deepslate_diamond_ore":3,"minecraft:cobbled_deepslate_stairs":1,"minecraft:jungle_leaves":5,"minecraft:cobbled_deepslate_slab":1,"minecraft:grass_block":8,"minecraft:jungle_planks":3,"minecraft:coal_block":15,"minecraft:spawner":1,"minecraft:furnace":12,"minecraft:iron_ore":36,"minecraft:cobbled_deepslate":1,"minecraft:andesite":7,"treechop:chopped_log":10,"minecraft:bookshelf":44,"minecraft:potatoes":1,"minecraft:deepslate_iron_ore":4,"minecraft:polished_deepslate_slab":1,"minecraft:purple_carpet":1,"minecraft:stone":29,"minecraft:iron_block":1,"minecraft:scaffolding":2,"minecraft:jungle_door":3,"minecraft:red_bed":3,"minecraft:crafting_table":1,"minecraft:blast_furnace":1,"minecraft:poppy":1,"minecraft:melon":5,"minecraft:tall_grass":3,"minecraft:cobblestone":1,"graveyard:lying_skeleton":1,"minecraft:sugar_cane":1,"minecraft:amethyst_block":1,"minecraft:skeleton_skull":2,"graveyard:vase_block":1,"graveyard:skull_with_rib_cage":1,"minecraft:white_wall_banner":1,"minecraft:yellow_stained_glass_pane":2,"minecraft:grass":21,"minecraft:coal_ore":17,"minecraft:gravel":4,"minecraft:sand":24,"minecraft:sunflower":1,"minecraft:flower_pot":1,"minecraft:cobweb":3,"minecraft:smooth_basalt":1,"minecraft:polished_andesite":2,"minecraft:oak_leaves":11,"minecraft:deepslate":27,"minecraft:fern":8},"minecraft:broken":{"minecraft:iron_sword":1},"minecraft:dropped":{"minecraft:bread":2,"minecraft:iron_ingot":1,"minecraft:wheat_seeds":9,"minecraft:golden_helmet":1,"minecraft:glow_ink_sac":2,"minecraft:cooked_porkchop":2,"minecraft:feather":2,"minecraft:cobblestone":12,"graveyard:corruption":7,"minecraft:cod":2,"minecraft:emerald":41,"minecraft:torch":3,"minecraft:cornflower":2,"minecraft:jungle_door":4,"minecraft:bone_meal":64,"minecraft:flowering_azalea":3,"minecraft:iron_pickaxe":2,"minecraft:chainmail_leggings":3,"minecraft:string":3,"minecraft:white_wool":3,"minecraft:acacia_planks":26,"minecraft:armor_stand":1,"minecraft:dandelion":6,"minecraft:white_tulip":2,"minecraft:birch_sapling":1,"minecraft:chicken":1,"minecraft:deepslate_brick_slab":2,"minecraft:cooked_mutton":3,"minecraft:pumpkin_seeds":3,"minecraft:chainmail_chestplate":1,"minecraft:lily_of_the_valley":3,"minecraft:tipped_arrow":4,"minecraft:peony":2,"minecraft:skeleton_skull":1,"minecraft:iron_chestplate":1,"minecraft:azalea":13,"minecraft:stone_pressure_plate":4,"minecraft:stone_pickaxe":1,"minecraft:scaffolding":2,"minecraft:written_book":1,"minecraft:purple_carpet":2},"minecraft:crafted":{"minecraft:stone_shovel":1,"minecraft:furnace":2,"minecraft:bone_meal":165,"minecraft:glass":24,"travelersbackpack:white_sleeping_bag":2,"minecraft:iron_axe":1,"minecraft:stone_pickaxe":1,"minecraft:chest":4,"minecraft:coal_block":2,"minecraft:red_dye":1,"minecraft:crafting_table":4,"travelersbackpack:backpack_tank":4,"minecraft:wooden_pickaxe":1,"travelersbackpack:standard":2,"minecraft:red_bed":1,"minecraft:blue_bed":1,"minecraft:cooked_salmon":2,"minecraft:stone_axe":1,"minecraft:air":0,"minecraft:jungle_planks":32,"minecraft:blue_dye":1,"minecraft:jungle_door":3,"minecraft:iron_chestplate":1,"minecraft:shield":2,"minecraft:stick":16,"minecraft:iron_ingot":25,"minecraft:iron_pickaxe":1,"minecraft:iron_leggings":1,"minecraft:acacia_planks":88,"minecraft:torch":4},"minecraft:killed":{"minecraft:evoker":1,"minecraft:witch":1,"graveyard:corrupted_vindicator":8,"minecraft:spider":1,"graveyard:wraith":10,"naturalist:boar":2,"minecraft:skeleton":11,"graveyard:acolyte":3,"minecraft:parrot":1,"minecraft:pig":6,"minecraft:creeper":2,"minecraft:sheep":5,"minecraft:pillager":2,"minecraft:zombie":6,"creeperoverhaul:ocean_creeper":2,"graveyard:corrupted_pillager":1,"minecraft:cow":7},"minecraft:custom":{"minecraft:mob_kills":73,"minecraft:interact_with_crafting_table":44,"minecraft:open_barrel":8,"minecraft:interact_with_campfire":4,"minecraft:leave_game":4,"minecraft:time_since_death":33863,"minecraft:climb_one_cm":12224,"minecraft:sprint_one_cm":487427,"minecraft:walk_one_cm":503230,"minecraft:damage_blocked_by_shield":2552,"minecraft:drop":78,"minecraft:talked_to_villager":4,"minecraft:play_time":196960,"minecraft:deaths":1,"minecraft:sneak_time":11598,"minecraft:walk_under_water_one_cm":45734,"minecraft:interact_with_lectern":1,"minecraft:jump":4049,"minecraft:interact_with_brewingstand":2,"minecraft:interact_with_blast_furnace":1,"minecraft:walk_on_water_one_cm":45767,"minecraft:total_world_time":196960,"minecraft:interact_with_furnace":47,"minecraft:sleep_in_bed":9,"minecraft:time_since_rest":20211,"minecraft:damage_taken":3700,"minecraft:damage_dealt":12397,"minecraft:swim_one_cm":94707,"minecraft:fly_one_cm":621775,"minecraft:open_chest":30,"minecraft:crouch_one_cm":25343,"minecraft:interact_with_smoker":6,"minecraft:fall_one_cm":107308},"minecraft:picked_up":{"minecraft:crafting_table":1,"minecraft:iron_chestplate":2,"minecraft:wheat":1,"minecraft:allium":12,"minecraft:chainmail_boots":1,"minecraft:chicken":1,"minecraft:enchanted_book":5,"minecraft:shield":1,"minecraft:amethyst_block":1,"minecraft:cornflower":5,"minecraft:string":3,"minecraft:red_bed":3,"minecraft:iron_leggings":1,"minecraft:armor_stand":1,"minecraft:experience_bottle":1,"graveyard:corruption":18,"minecraft:cobbled_deepslate":28,"minecraft:bucket":1,"minecraft:beef":4,"minecraft:white_tulip":6,"minecraft:written_book":1,"minecraft:azalea":15,"minecraft:jungle_sapling":1,"minecraft:poppy":1,"minecraft:iron_pickaxe":1,"minecraft:coal_block":15,"minecraft:melon_slice":41,"minecraft:sugar_cane":4,"minecraft:birch_sapling":1,"minecraft:furnace":11,"minecraft:egg":1,"minecraft:dark_oak_door":1,"minecraft:golden_helmet":1,"minecraft:tipped_arrow":4,"minecraft:stick":32,"minecraft:raw_iron":45,"minecraft:jungle_door":4,"minecraft:acacia_log":22,"minecraft:stone_pressure_plate":5,"minecraft:arrow":31,"minecraft:rotten_flesh":5,"minecraft:peony":2,"minecraft:deepslate_bricks":1,"minecraft:iron_block":1,"minecraft:bookshelf":15,"minecraft:totem_of_undying":2,"minecraft:cod":2,"minecraft:skeleton_skull":3,"minecraft:white_wool":9,"minecraft:cobblestone":40,"minecraft:cracked_deepslate_tiles":1,"minecraft:feather":2,"minecraft:cooked_beef":24,"minecraft:andesite":7,"minecraft:glow_ink_sac":6,"minecraft:salmon":2,"minecraft:jungle_log":8,"minecraft:leather":9,"minecraft:potato":2,"minecraft:oak_log":55,"minecraft:chainmail_chestplate":1,"minecraft:cobbled_deepslate_stairs":1,"minecraft:gunpowder":3,"minecraft:dirt":7,"minecraft:lantern":6,"minecraft:white_banner":1,"minecraft:purple_carpet":2,"minecraft:cooked_mutton":10,"minecraft:bone":16,"minecraft:acacia_planks":22,"minecraft:apple":2,"minecraft:bow":1,"minecraft:wheat_seeds":18,"minecraft:deepslate_brick_slab":2,"minecraft:cobbled_deepslate_slab":1,"minecraft:iron_ingot":5,"minecraft:flowering_azalea":3,"minecraft:acacia_sapling":10,"minecraft:book":84,"minecraft:scaffolding":2,"minecraft:smooth_basalt":1,"minecraft:cooked_porkchop":16,"minecraft:dandelion":6,"minecraft:sand":24,"minecraft:jungle_planks":167,"minecraft:blast_furnace":1,"minecraft:white_bed":5,"minecraft:lily_of_the_valley":3,"minecraft:polished_andesite":2,"minecraft:pumpkin_seeds":3,"minecraft:diamond":3,"minecraft:chainmail_leggings":3,"minecraft:chainmail_helmet":2,"minecraft:emerald":40,"minecraft:coal":107,"minecraft:sunflower":1},"minecraft:used":{"minecraft:azalea":2,"minecraft:white_tulip":4,"minecraft:stone_shovel":24,"minecraft:chest":2,"minecraft:shield":82,"minecraft:iron_sword":162,"minecraft:cooked_salmon":2,"minecraft:iron_chestplate":1,"minecraft:torch":1,"minecraft:dirt":3,"minecraft:jungle_planks":45,"minecraft:axolotl_bucket":7,"minecraft:iron_axe":118,"minecraft:smooth_basalt":1,"minecraft:bow":14,"minecraft:written_book":1,"minecraft:furnace":10,"minecraft:skeleton_skull":2,"minecraft:egg":4,"minecraft:stone_pressure_plate":1,"minecraft:cooked_beef":8,"minecraft:cobbled_deepslate":1,"minecraft:acacia_planks":69,"minecraft:cooked_mutton":6,"minecraft:water_bucket":38,"minecraft:amethyst_block":1,"minecraft:stone_pickaxe":77,"minecraft:polished_andesite":2,"minecraft:oak_planks":46,"minecraft:wooden_pickaxe":9,"minecraft:chainmail_helmet":1,"minecraft:blue_bed":1,"minecraft:crafting_table":4,"minecraft:red_bed":4,"minecraft:white_bed":2,"minecraft:cobbled_deepslate_stairs":1,"minecraft:cornflower":1,"minecraft:apple":2,"minecraft:iron_pickaxe":104,"minecraft:bread":16,"minecraft:melon_slice":41,"minecraft:stone_axe":31,"minecraft:cobblestone":13,"travelersbackpack:standard":2,"minecraft:cooked_porkchop":14,"minecraft:bucket":51,"minecraft:jungle_door":3,"minecraft:experience_bottle":1}},"DataVersion":3465}