{"stats":{"minecraft:mined":{"minecraft:deepslate_tiles":1,"minecraft:white_bed":2,"minecraft:jungle_leaves":5,"minecraft:cobbled_deepslate_slab":1,"minecraft:grass_block":8,"minecraft:jungle_planks":1,"minecraft:furnace":2,"minecraft:iron_ore":21,"minecraft:andesite":7,"treechop:chopped_log":3,"minecraft:bookshelf":1,"minecraft:polished_deepslate_slab":1,"minecraft:stone":21,"minecraft:jungle_door":3,"minecraft:red_bed":2,"minecraft:poppy":1,"minecraft:melon":5,"minecraft:sugar_cane":1,"graveyard:vase_block":1,"minecraft:grass":18,"minecraft:coal_ore":17,"minecraft:sunflower":1,"minecraft:flower_pot":1,"minecraft:cobweb":3,"minecraft:oak_leaves":11,"minecraft:deepslate":14,"minecraft:fern":8},"minecraft:dropped":{"minecraft:iron_ingot":1,"minecraft:bread":1,"minecraft:glow_ink_sac":2,"minecraft:feather":2,"minecraft:cobblestone":11,"graveyard:corruption":7,"minecraft:emerald":1,"minecraft:torch":3,"minecraft:jungle_door":4,"minecraft:bone_meal":64,"minecraft:iron_pickaxe":1,"minecraft:string":3,"minecraft:white_wool":2,"minecraft:acacia_planks":26,"minecraft:armor_stand":1,"minecraft:chicken":1,"minecraft:deepslate_brick_slab":2,"minecraft:cooked_mutton":3,"minecraft:pumpkin_seeds":3,"minecraft:lily_of_the_valley":3,"minecraft:skeleton_skull":1,"minecraft:stone_pickaxe":1},"minecraft:crafted":{"minecraft:furnace":2,"minecraft:bone_meal":165,"minecraft:stone_pickaxe":1,"minecraft:chest":2,"minecraft:red_dye":1,"minecraft:crafting_table":3,"minecraft:wooden_pickaxe":1,"minecraft:red_bed":1,"minecraft:cooked_salmon":2,"minecraft:stone_axe":1,"minecraft:air":0,"minecraft:jungle_planks":32,"minecraft:jungle_door":3,"minecraft:iron_chestplate":1,"minecraft:shield":1,"minecraft:stick":8,"minecraft:iron_ingot":11,"minecraft:iron_leggings":1,"minecraft:acacia_planks":88,"minecraft:torch":4},"minecraft:killed":{"graveyard:corrupted_vindicator":2,"graveyard:wraith":9,"naturalist:boar":2,"minecraft:skeleton":8,"graveyard:acolyte":3,"minecraft:parrot":1,"minecraft:pig":4,"minecraft:creeper":2,"minecraft:sheep":3,"minecraft:zombie":5,"creeperoverhaul:ocean_creeper":2,"graveyard:corrupted_pillager":1},"minecraft:custom":{"minecraft:mob_kills":44,"minecraft:interact_with_crafting_table":24,"minecraft:open_barrel":8,"minecraft:leave_game":1,"minecraft:time_since_death":123130,"minecraft:climb_one_cm":8031,"minecraft:sprint_one_cm":256626,"minecraft:walk_one_cm":300231,"minecraft:damage_blocked_by_shield":1130,"minecraft:drop":35,"minecraft:talked_to_villager":4,"minecraft:play_time":123130,"minecraft:sneak_time":6705,"minecraft:walk_under_water_one_cm":30059,"minecraft:interact_with_lectern":1,"minecraft:jump":2544,"minecraft:interact_with_brewingstand":2,"minecraft:walk_on_water_one_cm":27958,"minecraft:total_world_time":123130,"minecraft:interact_with_furnace":19,"minecraft:sleep_in_bed":3,"minecraft:time_since_rest":1557,"minecraft:damage_taken":2074,"minecraft:damage_dealt":7838,"minecraft:swim_one_cm":88677,"minecraft:fly_one_cm":385061,"minecraft:open_chest":22,"minecraft:crouch_one_cm":17027,"minecraft:interact_with_smoker":5,"minecraft:fall_one_cm":66349},"minecraft:picked_up":{"minecraft:chainmail_boots":1,"minecraft:chicken":1,"minecraft:enchanted_book":5,"minecraft:string":3,"minecraft:red_bed":2,"minecraft:armor_stand":1,"graveyard:corruption":13,"minecraft:cobbled_deepslate":14,"minecraft:jungle_sapling":1,"minecraft:poppy":1,"minecraft:iron_pickaxe":1,"minecraft:melon_slice":41,"minecraft:sugar_cane":4,"minecraft:furnace":1,"minecraft:egg":1,"minecraft:dark_oak_door":1,"minecraft:raw_iron":26,"minecraft:stick":13,"minecraft:jungle_door":4,"minecraft:acacia_log":22,"minecraft:arrow":21,"minecraft:rotten_flesh":4,"minecraft:deepslate_bricks":1,"minecraft:cod":2,"minecraft:skeleton_skull":1,"minecraft:white_wool":2,"minecraft:cobblestone":30,"minecraft:cracked_deepslate_tiles":1,"minecraft:feather":2,"minecraft:jungle_log":8,"minecraft:glow_ink_sac":2,"minecraft:andesite":7,"minecraft:salmon":2,"minecraft:leather":2,"minecraft:chainmail_chestplate":1,"minecraft:gunpowder":3,"minecraft:dirt":7,"minecraft:cooked_mutton":5,"minecraft:bone":4,"minecraft:acacia_planks":22,"minecraft:apple":2,"minecraft:wheat_seeds":5,"minecraft:deepslate_brick_slab":2,"minecraft:cobbled_deepslate_slab":1,"minecraft:iron_ingot":2,"minecraft:acacia_sapling":10,"minecraft:cooked_porkchop":12,"minecraft:white_bed":2,"minecraft:lily_of_the_valley":3,"minecraft:pumpkin_seeds":3,"minecraft:chainmail_leggings":1,"minecraft:chainmail_helmet":1,"minecraft:coal":50,"minecraft:sunflower":1},"minecraft:used":{"minecraft:chest":2,"minecraft:shield":30,"minecraft:iron_sword":123,"minecraft:cooked_salmon":2,"minecraft:iron_chestplate":1,"minecraft:torch":1,"minecraft:dirt":3,"minecraft:jungle_planks":16,"minecraft:bow":11,"minecraft:furnace":3,"minecraft:egg":4,"minecraft:acacia_planks":69,"minecraft:cobbled_deepslate":1,"minecraft:cooked_mutton":2,"minecraft:stone_pickaxe":77,"minecraft:oak_planks":18,"minecraft:wooden_pickaxe":9,"minecraft:chainmail_helmet":1,"minecraft:crafting_table":3,"minecraft:red_bed":3,"minecraft:white_bed":1,"minecraft:apple":2,"minecraft:melon_slice":41,"minecraft:bread":13,"minecraft:stone_axe":31,"minecraft:cobblestone":5,"minecraft:cooked_porkchop":8,"minecraft:jungle_door":3}},"DataVersion":3465}