{"stats":{"minecraft:dropped":{"minecraft:birch_planks":2,"minecraft:baked_potato":108,"minecraft:glow_ink_sac":2,"minecraft:golden_pickaxe":1,"minecraft:diamond":32,"minecraft:cooked_porkchop":3,"minecraft:deepslate_tile_wall":1,"minecraft:leather":2,"graveyard:corruption":7,"minecraft:sentry_armor_trim_smithing_template":2,"minecraft:cod":2,"minecraft:cobblestone_stairs":1,"minecraft:emerald":58,"minecraft:cornflower":2,"minecraft:gold_nugget":21,"minecraft:writable_book":3,"minecraft:bone_meal":64,"minecraft:iron_pickaxe":3,"minecraft:birch_log":5,"minecraft:white_wool":3,"minecraft:armor_stand":1,"minecraft:bone":36,"minecraft:gravel":16,"minecraft:white_tulip":2,"minecraft:stone_axe":1,"hangglider:hang_glider":2,"minecraft:iron_nugget":58,"minecraft:cobbled_deepslate":2,"minecraft:wheat":3,"minecraft:birch_sapling":5,"minecraft:deepslate_brick_slab":2,"minecraft:rotten_flesh":17,"minecraft:cooked_mutton":3,"minecraft:quartz_bricks":2,"minecraft:chainmail_chestplate":1,"minecraft:tipped_arrow":4,"minecraft:skeleton_skull":1,"minecraft:hopper":1,"minecraft:stone_brick_wall":8,"minecraft:leather_boots":1,"minecraft:azalea":16,"minecraft:chest":2,"minecraft:spruce_slab":1,"minecraft:arrow":37,"minecraft:scaffolding":2,"minecraft:stone_brick_stairs":4,"minecraft:written_book":1,"minecraft:purple_carpet":2,"minecraft:iron_ingot":1,"minecraft:bread":10,"minecraft:stripped_spruce_log":1,"minecraft:oak_slab":5,"minecraft:wheat_seeds":98,"minecraft:golden_helmet":1,"minecraft:poisonous_potato":5,"minecraft:feather":2,"minecraft:golden_axe":1,"minecraft:cobblestone":59,"minecraft:deepslate_tile_slab":32,"minecraft:chainmail_helmet":1,"minecraft:stick":10,"minecraft:ink_sac":4,"minecraft:torch":5,"minecraft:rabbit":1,"minecraft:jungle_door":4,"minecraft:iron_leggings":1,"minecraft:pumpkin":1,"minecraft:flowering_azalea":5,"minecraft:iron_axe":4,"minecraft:iron_shovel":2,"minecraft:chainmail_leggings":3,"minecraft:string":9,"minecraft:acacia_planks":26,"minecraft:dandelion":6,"minecraft:stone_brick_slab":16,"minecraft:pink_tulip":1,"minecraft:anvil":1,"minecraft:oak_trapdoor":3,"minecraft:raw_copper":9,"minecraft:smooth_stone_slab":2,"minecraft:raw_iron":3,"minecraft:stone_shovel":2,"minecraft:chicken":1,"minecraft:iron_hoe":1,"minecraft:pumpkin_seeds":3,"minecraft:lily_of_the_valley":3,"minecraft:potato":168,"minecraft:cobblestone_slab":7,"minecraft:hay_block":4,"minecraft:allium":12,"minecraft:peony":2,"minecraft:diamond_pickaxe":1,"minecraft:iron_chestplate":2,"minecraft:andesite":285,"minecraft:oak_sapling":16,"supplementaries:bubble_blower":1,"minecraft:stone_pressure_plate":4,"minecraft:stone_bricks":2,"minecraft:bow":3,"minecraft:stone_pickaxe":1},"minecraft:mined":{"minecraft:cut_sandstone_slab":1,"minecraft:spruce_planks":1,"minecraft:stone_pressure_plate":1,"minecraft:white_bed":4,"minecraft:farmland":2,"minecraft:cobbled_deepslate_stairs":1,"minecraft:cobblestone_stairs":2,"minecraft:jungle_leaves":5,"minecraft:brewing_stand":1,"minecraft:obsidian":4,"minecraft:stone_brick_wall":18,"minecraft:deepslate_tile_wall":9,"minecraft:grass_block":108,"minecraft:coal_block":23,"minecraft:composter":1,"minecraft:hopper":9,"minecraft:spawner":1,"minecraft:dark_oak_trapdoor":2,"minecraft:iron_ore":59,"minecraft:cobbled_deepslate":1,"graveyard:leaning_wither_skeleton":1,"minecraft:pumpkin":1,"minecraft:anvil":1,"minecraft:deepslate_lapis_ore":11,"minecraft:sculk_shrieker":1,"minecraft:cave_vines":1,"minecraft:polished_deepslate_slab":1,"minecraft:oak_stairs":1,"minecraft:iron_bars":6,"minecraft:purple_carpet":1,"minecraft:pink_tulip":1,"minecraft:iron_block":1,"minecraft:spruce_slab":1,"minecraft:deepslate_redstone_ore":8,"minecraft:cut_sandstone":1,"minecraft:jungle_door":3,"minecraft:red_bed":3,"minecraft:soul_fire":3,"minecraft:deepslate_tile_slab":33,"minecraft:torch":6,"minecraft:light_gray_terracotta":1,"minecraft:blast_furnace":1,"minecraft:poppy":2,"minecraft:melon":5,"minecraft:cobblestone":4,"minecraft:oak_planks":29,"graveyard:lying_skeleton":1,"minecraft:sugar_cane":15,"minecraft:wall_torch":1,"minecraft:amethyst_block":1,"minecraft:pink_petals":1,"minecraft:skeleton_skull":2,"minecraft:seagrass":1,"minecraft:chain":7,"minecraft:wheat":55,"minecraft:black_bed":1,"minecraft:stone_brick_stairs":5,"minecraft:smooth_stone_slab":7,"minecraft:yellow_stained_glass_pane":2,"minecraft:grass":69,"minecraft:oak_log":39,"minecraft:sand":58,"minecraft:dirt":81,"minecraft:smooth_basalt":1,"minecraft:oak_leaves":14,"minecraft:deepslate":247,"minecraft:deepslate_tiles":11,"minecraft:tuff":18,"minecraft:yellow_wall_banner":2,"minecraft:mossy_cobblestone":1,"minecraft:deepslate_diamond_ore":43,"minecraft:oak_door":1,"minecraft:cobbled_deepslate_slab":1,"minecraft:spruce_fence":8,"minecraft:decorated_pot":1,"minecraft:jungle_planks":4,"travelersbackpack:white_sleeping_bag":1,"minecraft:hay_block":47,"minecraft:deepslate_brick_slab":34,"minecraft:oak_trapdoor":12,"minecraft:furnace":12,"minecraft:carrots":32,"minecraft:black_glazed_terracotta":11,"minecraft:andesite":448,"minecraft:dark_oak_fence_gate":2,"minecraft:stripped_spruce_log":2,"treechop:chopped_log":23,"minecraft:gold_block":1,"minecraft:bookshelf":58,"minecraft:potatoes":352,"minecraft:cobblestone_slab":21,"minecraft:deepslate_iron_ore":9,"minecraft:lantern":2,"minecraft:bamboo":3,"minecraft:stone":162,"minecraft:smithing_table":1,"minecraft:oak_slab":48,"minecraft:scaffolding":2,"minecraft:glass_pane":2,"minecraft:soul_torch":1,"minecraft:stone_brick_slab":7,"minecraft:oak_fence":13,"minecraft:crafting_table":7,"minecraft:honey_block":6,"minecraft:emerald_ore":1,"minecraft:rose_bush":1,"minecraft:sculk_sensor":8,"minecraft:lectern":1,"minecraft:copper_ore":10,"minecraft:tall_grass":18,"minecraft:quartz_bricks":4,"minecraft:lapis_ore":1,"minecraft:sculk":38,"minecraft:spruce_stairs":1,"supplementaries:urn":13,"minecraft:birch_planks":1,"minecraft:brick_slab":2,"graveyard:vase_block":1,"graveyard:skull_with_rib_cage":1,"minecraft:acacia_fence_gate":1,"minecraft:white_wall_banner":1,"minecraft:coal_ore":20,"minecraft:flower_pot":1,"minecraft:cherry_leaves":4,"minecraft:sunflower":1,"minecraft:gravel":4,"openblocks:elevator_block":16,"minecraft:cobweb":4,"minecraft:polished_andesite":2,"minecraft:stone_bricks":63,"minecraft:fern":8},"minecraft:used":{"minecraft:writable_book":3,"minecraft:iron_shovel":213,"minecraft:dispenser":1,"travelersbackpack:lapis":8,"minecraft:chest":6,"minecraft:shield":123,"minecraft:iron_sword":162,"minecraft:iron_chestplate":2,"minecraft:birch_pressure_plate":2,"minecraft:deepslate_tile_slab":163,"minecraft:axolotl_bucket":7,"minecraft:carrot":118,"minecraft:jungle_planks":59,"openblocks:elevator_block":19,"minecraft:deepslate_brick_slab":145,"minecraft:tuff":16,"minecraft:stripped_spruce_log":1,"minecraft:glass":18,"minecraft:lava_bucket":2,"minecraft:lantern":9,"minecraft:iron_helmet":1,"minecraft:bow":65,"minecraft:written_book":1,"minecraft:oak_sapling":16,"minecraft:furnace":10,"minecraft:cooked_cod":2,"minecraft:egg":4,"minecraft:skeleton_skull":3,"minecraft:potato":558,"minecraft:stone_pickaxe":77,"minecraft:oak_planks":688,"minecraft:wooden_pickaxe":9,"minecraft:chainmail_helmet":1,"minecraft:blue_bed":1,"minecraft:jungle_boat":1,"minecraft:glow_berries":6,"naturalist:snail_bucket":1,"minecraft:light_gray_terracotta":1,"minecraft:black_bed":1,"minecraft:cobbled_deepslate_stairs":1,"minecraft:deepslate_tiles":4,"minecraft:melon_slice":41,"minecraft:bread":109,"minecraft:lectern":1,"minecraft:oak_pressure_plate":1,"minecraft:jungle_sign":2,"minecraft:diamond_sword":229,"minecraft:smithing_table":1,"minecraft:andesite":147,"minecraft:chain":20,"minecraft:smooth_stone_slab":4,"minecraft:golden_pickaxe":5,"minecraft:bone_meal":183,"minecraft:experience_bottle":2,"minecraft:azalea":2,"minecraft:enchanting_table":1,"minecraft:white_tulip":7,"minecraft:stone_shovel":24,"minecraft:cooked_salmon":2,"minecraft:torch":2,"minecraft:dirt":183,"minecraft:anvil":2,"minecraft:hopper":19,"minecraft:iron_hoe":324,"minecraft:stone_brick_slab":32,"minecraft:bookshelf":28,"minecraft:iron_axe":587,"minecraft:iron_boots":2,"minecraft:smooth_basalt":1,"minecraft:bamboo":25,"minecraft:diamond_chestplate":1,"minecraft:goat_horn":8,"minecraft:stone_pressure_plate":1,"minecraft:cooked_beef":13,"minecraft:cobbled_deepslate":79,"minecraft:acacia_planks":69,"minecraft:golden_axe":13,"minecraft:iron_leggings":1,"minecraft:wheat_seeds":13,"minecraft:cooked_mutton":6,"minecraft:yellow_banner":1,"minecraft:water_bucket":78,"minecraft:pink_tulip":1,"minecraft:amethyst_block":1,"minecraft:birch_planks":4,"minecraft:polished_andesite":2,"minecraft:baked_potato":21,"minecraft:glow_ink_sac":2,"minecraft:stonecutter":1,"minecraft:cobblestone_slab":13,"minecraft:leather_boots":2,"minecraft:crafting_table":15,"minecraft:red_bed":4,"minecraft:white_bed":2,"minecraft:smoker":2,"minecraft:deepslate_tile_wall":17,"minecraft:cornflower":1,"minecraft:diamond_pickaxe":1206,"minecraft:apple":2,"minecraft:iron_pickaxe":189,"minecraft:oak_button":1,"minecraft:stone_axe":31,"travelersbackpack:standard":20,"minecraft:cobblestone":80,"minecraft:white_banner":1,"minecraft:cooked_porkchop":15,"minecraft:jungle_door":3,"minecraft:bucket":90,"minecraft:soul_torch":1},"minecraft:broken":{"minecraft:iron_sword":1,"minecraft:iron_hoe":1,"minecraft:shield":1,"minecraft:iron_axe":1},"minecraft:picked_up":{"minecraft:iron_chestplate":2,"minecraft:wheat":52,"minecraft:chainmail_boots":1,"minecraft:anvil":1,"minecraft:sentry_armor_trim_smithing_template":2,"minecraft:smithing_table":1,"minecraft:lead":2,"openblocks:elevator_block":17,"minecraft:enchanted_book":5,"minecraft:stone_brick_stairs":4,"minecraft:brewing_stand":1,"minecraft:amethyst_block":1,"minecraft:string":9,"minecraft:raw_copper":37,"minecraft:smooth_stone_slab":6,"minecraft:iron_leggings":1,"minecraft:armor_stand":1,"minecraft:experience_bottle":1,"minecraft:deepslate_tiles":4,"minecraft:gold_nugget":21,"minecraft:cobbled_deepslate":285,"minecraft:bucket":1,"minecraft:black_glazed_terracotta":11,"minecraft:white_tulip":9,"minecraft:written_book":1,"minecraft:cobblestone_slab":20,"minecraft:azalea":18,"minecraft:iron_pickaxe":2,"minecraft:deepslate_tile_wall":8,"hangglider:hang_glider":2,"minecraft:melon_slice":41,"minecraft:coal_block":23,"minecraft:furnace":11,"minecraft:dark_oak_door":1,"minecraft:tipped_arrow":15,"minecraft:golden_helmet":1,"minecraft:stick":47,"minecraft:jungle_door":4,"minecraft:torch":14,"minecraft:acacia_log":22,"minecraft:yellow_banner":2,"minecraft:rotten_flesh":26,"minecraft:iron_block":1,"minecraft:bookshelf":15,"supplementaries:ash":23,"minecraft:obsidian":4,"minecraft:iron_bars":5,"minecraft:cod":2,"minecraft:cobblestone":202,"minecraft:birch_log":11,"minecraft:feather":5,"minecraft:cooked_beef":26,"minecraft:andesite":533,"minecraft:jungle_log":8,"minecraft:black_bed":1,"minecraft:potato":1158,"minecraft:tuff":16,"supplementaries:flax_seeds":2,"minecraft:lapis_lazuli":154,"minecraft:dirt":183,"minecraft:lantern":11,"minecraft:purple_carpet":2,"minecraft:bone":57,"minecraft:acacia_planks":22,"minecraft:bow":4,"minecraft:wheat_seeds":107,"minecraft:deepslate_brick_slab":48,"minecraft:cobbled_deepslate_slab":1,"minecraft:rabbit":1,"minecraft:bamboo":31,"minecraft:oak_planks":28,"minecraft:cooked_porkchop":18,"minecraft:poisonous_potato":5,"minecraft:sand":55,"minecraft:jungle_planks":177,"minecraft:stripped_spruce_log":2,"minecraft:ink_sac":4,"minecraft:lily_of_the_valley":3,"naturalist:duck_egg":1,"minecraft:quartz_bricks":2,"minecraft:light_gray_terracotta":1,"minecraft:polished_andesite":2,"minecraft:diamond":76,"minecraft:writable_book":3,"minecraft:chainmail_helmet":2,"minecraft:emerald":58,"minecraft:oak_sapling":32,"minecraft:diamond_pickaxe":1,"minecraft:crafting_table":8,"minecraft:allium":24,"minecraft:chicken":4,"minecraft:stone_brick_wall":8,"minecraft:gold_block":1,"minecraft:chain":7,"minecraft:shield":1,"minecraft:cornflower":5,"minecraft:oak_trapdoor":12,"minecraft:red_bed":3,"minecraft:iron_axe":4,"graveyard:corruption":24,"minecraft:beef":40,"minecraft:jungle_sapling":1,"minecraft:iron_nugget":28,"minecraft:poppy":1,"minecraft:spruce_slab":1,"minecraft:lectern":1,"minecraft:sugar_cane":31,"minecraft:chest":4,"minecraft:birch_sapling":5,"minecraft:egg":1,"minecraft:raw_iron":73,"minecraft:spruce_fence":2,"minecraft:carrot":118,"minecraft:redstone":46,"minecraft:stone_pressure_plate":5,"minecraft:arrow":55,"minecraft:stone_shovel":1,"minecraft:peony":2,"minecraft:deepslate_bricks":1,"minecraft:diamond_boots":1,"minecraft:hay_block":48,"minecraft:pink_tulip":2,"minecraft:totem_of_undying":2,"minecraft:glow_berries":6,"minecraft:skeleton_skull":3,"minecraft:white_wool":26,"minecraft:cracked_deepslate_tiles":1,"minecraft:glow_ink_sac":11,"minecraft:salmon":2,"minecraft:leather":42,"minecraft:birch_planks":2,"minecraft:oak_log":182,"minecraft:chainmail_chestplate":1,"minecraft:cobbled_deepslate_stairs":1,"minecraft:gunpowder":5,"minecraft:cobblestone_stairs":1,"minecraft:deepslate_tile_slab":35,"minecraft:white_banner":2,"minecraft:cooked_mutton":11,"minecraft:apple":4,"minecraft:stone_bricks":2,"minecraft:rabbit_hide":1,"minecraft:iron_ingot":6,"minecraft:flowering_azalea":5,"minecraft:acacia_sapling":10,"minecraft:book":117,"minecraft:scaffolding":2,"minecraft:oak_slab":5,"minecraft:smooth_basalt":1,"minecraft:pumpkin":2,"minecraft:stone_brick_slab":3,"minecraft:dandelion":6,"minecraft:gravel":16,"minecraft:soul_torch":1,"minecraft:blast_furnace":1,"minecraft:white_bed":5,"minecraft:brick_slab":1,"minecraft:pumpkin_seeds":3,"minecraft:slime_ball":8,"minecraft:honey_block":6,"minecraft:chainmail_leggings":3,"minecraft:cherry_sapling":2,"minecraft:coal":110,"minecraft:hopper":20,"minecraft:sunflower":1},"minecraft:custom":{"minecraft:interact_with_crafting_table":106,"minecraft:open_barrel":54,"minecraft:bell_ring":11,"minecraft:eat_cake_slice":2,"minecraft:leave_game":10,"minecraft:time_since_death":471648,"minecraft:sprint_one_cm":1632276,"minecraft:damage_blocked_by_shield":3742,"minecraft:drop":241,"minecraft:talked_to_villager":9,"minecraft:play_time":634745,"minecraft:deaths":1,"minecraft:jump":11511,"minecraft:interact_with_brewingstand":2,"minecraft:walk_on_water_one_cm":104277,"minecraft:enchant_item":7,"minecraft:interact_with_furnace":71,"minecraft:sleep_in_bed":24,"minecraft:damage_dealt":29157,"minecraft:crouch_one_cm":139008,"minecraft:interact_with_smoker":55,"minecraft:inspect_dispenser":7,"minecraft:interact_with_smithing_table":7,"minecraft:interact_with_anvil":8,"minecraft:mob_kills":547,"minecraft:inspect_hopper":12,"minecraft:interact_with_campfire":4,"minecraft:climb_one_cm":24744,"minecraft:walk_one_cm":1614954,"minecraft:target_hit":4,"minecraft:sneak_time":40533,"minecraft:walk_under_water_one_cm":97584,"minecraft:boat_one_cm":101179,"minecraft:interact_with_lectern":6,"minecraft:interact_with_blast_furnace":18,"minecraft:total_world_time":634745,"minecraft:raid_trigger":1,"minecraft:interact_with_stonecutter":14,"minecraft:time_since_rest":14677,"minecraft:damage_taken":6879,"minecraft:swim_one_cm":224739,"minecraft:fly_one_cm":2166774,"minecraft:open_chest":241,"minecraft:fall_one_cm":272401},"minecraft:crafted":{"minecraft:oak_planks":712,"hangglider:hang_glider":1,"minecraft:oak_pressure_plate":1,"minecraft:chain":13,"openblocks:elevator_block":2,"minecraft:stone":28,"minecraft:bookshelf":10,"minecraft:glass":55,"minecraft:bow":22,"minecraft:diamond_helmet":1,"minecraft:diamond_leggings":1,"minecraft:chest":5,"minecraft:oak_button":1,"minecraft:smoker":2,"travelersbackpack:iron_tier_upgrade":1,"minecraft:emerald":9,"minecraft:crafting_table":8,"travelersbackpack:lapis":1,"minecraft:jungle_boat":1,"travelersbackpack:standard":5,"minecraft:wooden_pickaxe":1,"minecraft:baked_potato":342,"minecraft:birch_pressure_plate":2,"minecraft:birch_planks":8,"minecraft:dispenser":1,"minecraft:iron_chestplate":1,"minecraft:diamond_pickaxe":2,"minecraft:shield":4,"minecraft:stick":27,"minecraft:iron_pickaxe":1,"minecraft:iron_ingot":120,"minecraft:gold_ingot":9,"minecraft:shears":1,"minecraft:jungle_sign":3,"hangglider:glider_framework":1,"minecraft:stone_shovel":1,"minecraft:iron_nugget":36,"minecraft:furnace":4,"minecraft:bone_meal":348,"hangglider:glider_wing":2,"travelersbackpack:blank_upgrade":4,"travelersbackpack:gold_tier_upgrade":1,"travelersbackpack:white_sleeping_bag":2,"minecraft:iron_axe":3,"minecraft:iron_hoe":2,"minecraft:stone_pickaxe":1,"minecraft:deepslate_tile_wall":10,"travelersbackpack:diamond_tier_upgrade":1,"minecraft:wheat":199,"minecraft:coal_block":18,"minecraft:red_dye":1,"minecraft:cooked_cod":2,"minecraft:diamond_sword":1,"minecraft:enchanting_table":1,"travelersbackpack:backpack_tank":6,"minecraft:deepslate_brick_slab":72,"minecraft:red_bed":1,"minecraft:blue_bed":1,"minecraft:cooked_salmon":2,"minecraft:stone_axe":1,"minecraft:bread":69,"minecraft:air":0,"minecraft:jungle_planks":32,"minecraft:blue_dye":1,"minecraft:jungle_door":3,"supplementaries:bubble_blower":1,"minecraft:iron_shovel":1,"minecraft:iron_leggings":1,"minecraft:stonecutter":1,"minecraft:acacia_planks":88,"minecraft:torch":4,"minecraft:lapis_block":4,"minecraft:diamond_chestplate":1},"minecraft:killed":{"minecraft:witch":1,"minecraft:spider":2,"graveyard:wraith":14,"naturalist:boar":3,"minecraft:skeleton":136,"graveyard:acolyte":4,"minecraft:chicken":3,"minecraft:parrot":1,"minecraft:pig":6,"minecraft:creeper":3,"minecraft:sheep":6,"minecraft:trader_llama":2,"minecraft:pillager":8,"minecraft:zombie":128,"minecraft:stray":130,"graveyard:corrupted_pillager":3,"minecraft:cow":27,"minecraft:evoker":1,"graveyard:corrupted_vindicator":11,"naturalist:tortoise":3,"naturalist:bass":1,"minecraft:drowned":1,"minecraft:husk":3,"naturalist:bear":2,"minecraft:rabbit":1,"minecraft:wandering_trader":1,"minecraft:squid":1,"creeperoverhaul:ocean_creeper":2}},"DataVersion":3465}