{"stats":{"minecraft:killed_by":{"minecraft:player":1},"minecraft:dropped":{"minecraft:lilac":4,"minecraft:allium":7,"minecraft:golden_carrot":32,"naturalist:teddy_bear":1,"naturalist:butterfly":1,"naturalist:cooked_egg":1,"minecraft:flint":2},"minecraft:picked_up":{"minecraft:allium":9,"minecraft:lilac":6,"minecraft:golden_carrot":118,"minecraft:gravel":2,"minecraft:flint":4,"minecraft:dirt":11,"minecraft:wheat_seeds":2},"minecraft:mined":{"minecraft:lilac":5,"minecraft:grass":12,"minecraft:allium":3,"minecraft:grass_block":10,"minecraft:gravel":4,"minecraft:dirt":1},"minecraft:used":{"minecraft:villager_spawn_egg":1,"minecraft:grass_block":5,"minecraft:gravel":2,"supplementaries:slingshot":2,"minecraft:stick":15,"minecraft:dirt":11,"minecraft:golden_carrot":10,"minecraft:allium":2},"minecraft:custom":{"minecraft:time_since_rest":19983,"minecraft:sprint_one_cm":99760,"minecraft:damage_taken":2008,"minecraft:walk_one_cm":99796,"minecraft:drop":16,"minecraft:damage_dealt":199,"minecraft:talked_to_villager":6,"minecraft:fly_one_cm":167799,"minecraft:open_barrel":6,"minecraft:open_chest":7,"minecraft:crouch_one_cm":966,"minecraft:play_time":39764,"minecraft:deaths":1,"minecraft:sneak_time":648,"minecraft:walk_under_water_one_cm":264,"minecraft:jump":784,"minecraft:leave_game":1,"minecraft:walk_on_water_one_cm":2395,"minecraft:time_since_death":19954,"minecraft:climb_one_cm":784,"minecraft:total_world_time":39764,"minecraft:fall_one_cm":31223}},"DataVersion":3465}