{"stats":{"minecraft:dropped":{"minecraft:glow_ink_sac":2,"minecraft:cooked_porkchop":2,"graveyard:corruption":7,"minecraft:cod":2,"minecraft:emerald":41,"minecraft:cornflower":2,"minecraft:bone_meal":64,"minecraft:iron_pickaxe":2,"minecraft:white_wool":3,"minecraft:armor_stand":1,"minecraft:white_tulip":2,"minecraft:birch_sapling":5,"minecraft:wheat":1,"minecraft:deepslate_brick_slab":2,"minecraft:rotten_flesh":8,"minecraft:cooked_mutton":3,"minecraft:chainmail_chestplate":1,"minecraft:tipped_arrow":4,"minecraft:skeleton_skull":1,"minecraft:stone_brick_wall":8,"minecraft:azalea":13,"minecraft:scaffolding":2,"minecraft:written_book":1,"minecraft:purple_carpet":2,"minecraft:iron_ingot":1,"minecraft:bread":2,"minecraft:oak_slab":5,"minecraft:wheat_seeds":87,"minecraft:golden_helmet":1,"minecraft:cobblestone":20,"minecraft:feather":2,"minecraft:deepslate_tile_slab":1,"minecraft:torch":3,"minecraft:jungle_door":4,"minecraft:flowering_azalea":3,"minecraft:iron_axe":2,"minecraft:chainmail_leggings":3,"minecraft:string":3,"minecraft:acacia_planks":26,"minecraft:dandelion":6,"minecraft:pink_tulip":1,"minecraft:oak_trapdoor":3,"minecraft:smooth_stone_slab":2,"minecraft:chicken":1,"minecraft:pumpkin_seeds":3,"minecraft:lily_of_the_valley":3,"minecraft:peony":2,"minecraft:iron_chestplate":1,"minecraft:stone_pressure_plate":4,"minecraft:stone_bricks":2,"minecraft:stone_pickaxe":1},"minecraft:picked_up":{"minecraft:iron_chestplate":2,"minecraft:wheat":42,"minecraft:chainmail_boots":1,"minecraft:anvil":1,"minecraft:smithing_table":1,"minecraft:lead":2,"minecraft:enchanted_book":5,"minecraft:amethyst_block":1,"minecraft:string":3,"minecraft:iron_leggings":1,"minecraft:smooth_stone_slab":6,"minecraft:armor_stand":1,"minecraft:experience_bottle":1,"minecraft:cobbled_deepslate":205,"minecraft:bucket":1,"minecraft:white_tulip":9,"minecraft:written_book":1,"minecraft:azalea":15,"minecraft:iron_pickaxe":1,"minecraft:deepslate_tile_wall":8,"minecraft:melon_slice":41,"minecraft:coal_block":15,"minecraft:furnace":11,"minecraft:dark_oak_door":1,"minecraft:tipped_arrow":4,"minecraft:golden_helmet":1,"minecraft:stick":33,"minecraft:jungle_door":4,"minecraft:acacia_log":22,"minecraft:torch":1,"minecraft:rotten_flesh":12,"minecraft:iron_block":1,"minecraft:bookshelf":15,"minecraft:obsidian":4,"minecraft:cod":2,"minecraft:cobblestone":97,"minecraft:birch_log":5,"minecraft:feather":2,"minecraft:cooked_beef":24,"minecraft:andesite":48,"minecraft:jungle_log":8,"minecraft:black_bed":1,"minecraft:potato":328,"minecraft:dirt":183,"minecraft:lantern":9,"minecraft:purple_carpet":2,"minecraft:bone":16,"minecraft:acacia_planks":22,"minecraft:bow":1,"minecraft:wheat_seeds":90,"minecraft:deepslate_brick_slab":48,"minecraft:cobbled_deepslate_slab":1,"minecraft:oak_planks":26,"minecraft:cooked_porkchop":16,"minecraft:jungle_planks":167,"minecraft:sand":24,"minecraft:ink_sac":2,"minecraft:lily_of_the_valley":3,"minecraft:polished_andesite":2,"minecraft:diamond":3,"minecraft:emerald":41,"minecraft:chainmail_helmet":2,"minecraft:crafting_table":3,"minecraft:allium":12,"minecraft:chicken":1,"minecraft:stone_brick_wall":8,"minecraft:chain":7,"minecraft:shield":1,"minecraft:cornflower":5,"minecraft:oak_trapdoor":12,"minecraft:red_bed":3,"minecraft:iron_axe":1,"graveyard:corruption":24,"minecraft:beef":4,"minecraft:jungle_sapling":1,"minecraft:poppy":1,"minecraft:lectern":1,"minecraft:sugar_cane":4,"minecraft:birch_sapling":5,"minecraft:egg":1,"minecraft:raw_iron":70,"minecraft:spruce_fence":2,"minecraft:carrot":118,"minecraft:stone_pressure_plate":5,"minecraft:arrow":31,"minecraft:peony":2,"minecraft:deepslate_bricks":1,"minecraft:hay_block":11,"minecraft:pink_tulip":2,"minecraft:totem_of_undying":2,"minecraft:skeleton_skull":3,"minecraft:white_wool":9,"minecraft:cracked_deepslate_tiles":1,"minecraft:glow_ink_sac":8,"minecraft:salmon":2,"minecraft:leather":12,"minecraft:oak_log":94,"minecraft:chainmail_chestplate":1,"minecraft:cobbled_deepslate_stairs":1,"minecraft:gunpowder":3,"minecraft:deepslate_tile_slab":35,"minecraft:white_banner":2,"minecraft:cooked_mutton":10,"minecraft:apple":2,"minecraft:stone_bricks":2,"minecraft:iron_ingot":5,"minecraft:acacia_sapling":10,"minecraft:flowering_azalea":3,"minecraft:book":117,"minecraft:oak_slab":5,"minecraft:scaffolding":2,"minecraft:smooth_basalt":1,"minecraft:stone_brick_slab":3,"minecraft:dandelion":6,"minecraft:soul_torch":1,"minecraft:blast_furnace":1,"minecraft:white_bed":5,"minecraft:pumpkin_seeds":3,"minecraft:chainmail_leggings":3,"minecraft:coal":110,"minecraft:sunflower":1},"minecraft:mined":{"minecraft:stone_pressure_plate":1,"minecraft:spruce_planks":1,"minecraft:white_bed":4,"minecraft:farmland":2,"minecraft:cobbled_deepslate_stairs":1,"minecraft:jungle_leaves":5,"minecraft:obsidian":4,"minecraft:deepslate_tile_wall":9,"minecraft:grass_block":108,"minecraft:stone_brick_wall":18,"minecraft:coal_block":15,"minecraft:composter":1,"minecraft:spawner":1,"minecraft:dark_oak_trapdoor":2,"minecraft:iron_ore":59,"minecraft:cobbled_deepslate":1,"graveyard:leaning_wither_skeleton":1,"minecraft:anvil":1,"minecraft:polished_deepslate_slab":1,"minecraft:oak_stairs":1,"minecraft:purple_carpet":1,"minecraft:pink_tulip":1,"minecraft:iron_block":1,"minecraft:jungle_door":3,"minecraft:red_bed":3,"minecraft:soul_fire":1,"minecraft:deepslate_tile_slab":33,"minecraft:blast_furnace":1,"minecraft:poppy":2,"minecraft:melon":5,"minecraft:cobblestone":1,"graveyard:lying_skeleton":1,"minecraft:sugar_cane":1,"minecraft:oak_planks":27,"minecraft:amethyst_block":1,"minecraft:skeleton_skull":2,"minecraft:chain":7,"minecraft:wheat":54,"minecraft:black_bed":1,"minecraft:smooth_stone_slab":7,"minecraft:yellow_stained_glass_pane":2,"minecraft:grass":28,"minecraft:oak_log":39,"minecraft:sand":24,"minecraft:dirt":81,"minecraft:smooth_basalt":1,"minecraft:oak_leaves":11,"minecraft:deepslate":155,"minecraft:deepslate_tiles":1,"minecraft:deepslate_diamond_ore":3,"minecraft:oak_door":1,"minecraft:cobbled_deepslate_slab":1,"minecraft:spruce_fence":8,"minecraft:jungle_planks":4,"minecraft:hay_block":14,"minecraft:deepslate_brick_slab":34,"minecraft:oak_trapdoor":12,"minecraft:furnace":12,"minecraft:carrots":32,"minecraft:dark_oak_fence_gate":2,"minecraft:andesite":48,"treechop:chopped_log":11,"minecraft:bookshelf":58,"minecraft:potatoes":94,"minecraft:deepslate_iron_ore":6,"minecraft:stone":94,"minecraft:smithing_table":1,"minecraft:oak_slab":48,"minecraft:scaffolding":2,"minecraft:glass_pane":2,"minecraft:soul_torch":1,"minecraft:stone_brick_slab":7,"minecraft:oak_fence":12,"minecraft:crafting_table":3,"minecraft:emerald_ore":1,"minecraft:lectern":1,"minecraft:tall_grass":3,"minecraft:spruce_stairs":1,"graveyard:vase_block":1,"graveyard:skull_with_rib_cage":1,"minecraft:acacia_fence_gate":1,"minecraft:white_wall_banner":1,"minecraft:coal_ore":20,"minecraft:flower_pot":1,"minecraft:sunflower":1,"minecraft:gravel":4,"minecraft:cobweb":3,"minecraft:polished_andesite":2,"minecraft:stone_bricks":61,"minecraft:fern":8},"minecraft:killed":{"minecraft:witch":1,"minecraft:spider":2,"graveyard:wraith":14,"naturalist:boar":2,"minecraft:skeleton":11,"graveyard:acolyte":4,"minecraft:parrot":1,"minecraft:pig":6,"minecraft:creeper":2,"minecraft:sheep":5,"minecraft:trader_llama":2,"minecraft:pillager":4,"minecraft:zombie":13,"graveyard:corrupted_pillager":3,"minecraft:cow":7,"minecraft:evoker":1,"graveyard:corrupted_vindicator":11,"naturalist:bear":2,"minecraft:wandering_trader":1,"minecraft:squid":1,"creeperoverhaul:ocean_creeper":2},"minecraft:crafted":{"minecraft:oak_planks":136,"minecraft:chain":13,"minecraft:stone":28,"minecraft:bookshelf":10,"minecraft:glass":24,"minecraft:chest":4,"minecraft:crafting_table":5,"minecraft:wooden_pickaxe":1,"travelersbackpack:standard":2,"minecraft:iron_chestplate":1,"minecraft:diamond_pickaxe":1,"minecraft:shield":3,"minecraft:stick":16,"minecraft:iron_ingot":79,"minecraft:iron_pickaxe":1,"minecraft:stone_shovel":1,"minecraft:iron_nugget":27,"minecraft:furnace":2,"minecraft:bone_meal":348,"travelersbackpack:white_sleeping_bag":2,"minecraft:iron_axe":2,"minecraft:iron_hoe":2,"minecraft:stone_pickaxe":1,"minecraft:deepslate_tile_wall":10,"minecraft:wheat":99,"minecraft:coal_block":2,"minecraft:red_dye":1,"minecraft:enchanting_table":1,"travelersbackpack:backpack_tank":4,"minecraft:deepslate_brick_slab":72,"minecraft:red_bed":1,"minecraft:blue_bed":1,"minecraft:cooked_salmon":2,"minecraft:stone_axe":1,"minecraft:bread":33,"minecraft:air":0,"minecraft:jungle_planks":32,"minecraft:blue_dye":1,"minecraft:jungle_door":3,"minecraft:iron_shovel":1,"minecraft:iron_leggings":1,"minecraft:stonecutter":1,"minecraft:acacia_planks":88,"minecraft:torch":4},"minecraft:broken":{"minecraft:iron_sword":1,"minecraft:iron_hoe":1,"minecraft:shield":1},"minecraft:custom":{"minecraft:interact_with_crafting_table":63,"minecraft:open_barrel":17,"minecraft:leave_game":6,"minecraft:time_since_death":160172,"minecraft:sprint_one_cm":781819,"minecraft:damage_blocked_by_shield":3186,"minecraft:drop":103,"minecraft:talked_to_villager":4,"minecraft:play_time":323269,"minecraft:deaths":1,"minecraft:jump":5461,"minecraft:interact_with_brewingstand":2,"minecraft:walk_on_water_one_cm":62012,"minecraft:interact_with_furnace":64,"minecraft:sleep_in_bed":13,"minecraft:damage_dealt":17906,"minecraft:crouch_one_cm":69405,"minecraft:interact_with_smoker":9,"minecraft:interact_with_anvil":1,"minecraft:mob_kills":99,"minecraft:interact_with_campfire":4,"minecraft:climb_one_cm":13855,"minecraft:walk_one_cm":959500,"minecraft:sneak_time":24473,"minecraft:walk_under_water_one_cm":57058,"minecraft:interact_with_lectern":3,"minecraft:interact_with_blast_furnace":14,"minecraft:total_world_time":323269,"minecraft:raid_trigger":1,"minecraft:interact_with_stonecutter":13,"minecraft:time_since_rest":54058,"minecraft:damage_taken":4637,"minecraft:swim_one_cm":111971,"minecraft:fly_one_cm":866591,"minecraft:open_chest":70,"minecraft:fall_one_cm":132797},"minecraft:used":{"minecraft:iron_shovel":182,"minecraft:chest":2,"minecraft:shield":104,"minecraft:iron_sword":162,"minecraft:iron_chestplate":1,"minecraft:jungle_planks":49,"minecraft:carrot":118,"minecraft:deepslate_brick_slab":145,"minecraft:deepslate_tile_slab":163,"minecraft:axolotl_bucket":7,"minecraft:lava_bucket":2,"minecraft:lantern":4,"minecraft:bow":17,"minecraft:written_book":1,"minecraft:furnace":10,"minecraft:skeleton_skull":3,"minecraft:egg":4,"minecraft:potato":300,"minecraft:stone_pickaxe":77,"minecraft:oak_planks":129,"minecraft:wooden_pickaxe":9,"minecraft:chainmail_helmet":1,"minecraft:blue_bed":1,"minecraft:black_bed":1,"minecraft:cobbled_deepslate_stairs":1,"minecraft:melon_slice":41,"minecraft:bread":39,"minecraft:lectern":1,"minecraft:smithing_table":1,"minecraft:andesite":41,"minecraft:chain":20,"minecraft:smooth_stone_slab":4,"minecraft:bone_meal":183,"minecraft:experience_bottle":1,"minecraft:azalea":2,"minecraft:enchanting_table":1,"minecraft:white_tulip":7,"minecraft:stone_shovel":24,"minecraft:cooked_salmon":2,"minecraft:torch":2,"minecraft:dirt":183,"minecraft:anvil":1,"minecraft:iron_hoe":313,"minecraft:stone_brick_slab":32,"minecraft:bookshelf":28,"minecraft:iron_axe":395,"minecraft:smooth_basalt":1,"minecraft:stone_pressure_plate":1,"minecraft:cooked_beef":13,"minecraft:acacia_planks":69,"minecraft:cobbled_deepslate":1,"minecraft:wheat_seeds":12,"minecraft:cooked_mutton":6,"minecraft:water_bucket":53,"minecraft:pink_tulip":1,"minecraft:amethyst_block":1,"minecraft:polished_andesite":2,"minecraft:stonecutter":1,"minecraft:leather_boots":1,"minecraft:crafting_table":7,"minecraft:red_bed":4,"minecraft:white_bed":2,"minecraft:deepslate_tile_wall":17,"minecraft:diamond_pickaxe":370,"minecraft:cornflower":1,"minecraft:apple":2,"minecraft:iron_pickaxe":189,"minecraft:stone_axe":31,"minecraft:cobblestone":21,"travelersbackpack:standard":2,"minecraft:cooked_porkchop":14,"minecraft:jungle_door":3,"minecraft:bucket":65,"minecraft:soul_torch":1}},"DataVersion":3465}