{"stats":{"minecraft:mined":{"minecraft:deepslate_tiles":1,"minecraft:jungle_door":3,"minecraft:jungle_leaves":5,"minecraft:cobbled_deepslate_slab":1,"minecraft:grass_block":8,"minecraft:melon":5,"minecraft:sugar_cane":1,"graveyard:vase_block":1,"minecraft:furnace":2,"minecraft:iron_ore":21,"minecraft:andesite":7,"treechop:chopped_log":3,"minecraft:grass":17,"minecraft:coal_ore":17,"minecraft:polished_deepslate_slab":1,"minecraft:sunflower":1,"minecraft:cobweb":3,"minecraft:stone":21,"minecraft:oak_leaves":11,"minecraft:deepslate":14,"minecraft:fern":8},"minecraft:dropped":{"minecraft:bread":1,"minecraft:glow_ink_sac":2,"minecraft:cobblestone":11,"minecraft:chicken":1,"minecraft:feather":2,"minecraft:deepslate_brick_slab":2,"minecraft:cooked_mutton":3,"minecraft:pumpkin_seeds":3,"graveyard:corruption":7,"minecraft:emerald":1,"minecraft:torch":2,"minecraft:skeleton_skull":1,"minecraft:jungle_door":4,"minecraft:bone_meal":64,"minecraft:iron_pickaxe":1,"minecraft:string":2,"minecraft:white_wool":2,"minecraft:acacia_planks":26,"minecraft:armor_stand":1},"minecraft:crafted":{"minecraft:crafting_table":3,"minecraft:wooden_pickaxe":1,"minecraft:furnace":2,"minecraft:cooked_salmon":2,"minecraft:bone_meal":165,"minecraft:stone_axe":1,"minecraft:air":0,"minecraft:jungle_planks":32,"minecraft:jungle_door":3,"minecraft:iron_chestplate":1,"minecraft:shield":1,"minecraft:stick":8,"minecraft:iron_ingot":11,"minecraft:stone_pickaxe":1,"minecraft:iron_leggings":1,"minecraft:acacia_planks":88,"minecraft:torch":4},"minecraft:killed":{"minecraft:parrot":1,"minecraft:pig":4,"graveyard:corrupted_vindicator":2,"graveyard:wraith":9,"minecraft:creeper":2,"naturalist:boar":2,"minecraft:skeleton":8,"minecraft:sheep":3,"graveyard:acolyte":3,"minecraft:zombie":5,"creeperoverhaul:ocean_creeper":2,"graveyard:corrupted_pillager":1},"minecraft:custom":{"minecraft:interact_with_furnace":17,"minecraft:mob_kills":44,"minecraft:interact_with_crafting_table":22,"minecraft:open_barrel":7,"minecraft:leave_game":1,"minecraft:time_since_death":105130,"minecraft:climb_one_cm":8031,"minecraft:time_since_rest":105130,"minecraft:sprint_one_cm":202510,"minecraft:damage_taken":1860,"minecraft:walk_one_cm":258778,"minecraft:damage_blocked_by_shield":1130,"minecraft:drop":28,"minecraft:damage_dealt":7825,"minecraft:swim_one_cm":88677,"minecraft:fly_one_cm":297262,"minecraft:open_chest":7,"minecraft:crouch_one_cm":16225,"minecraft:play_time":105130,"minecraft:sneak_time":6431,"minecraft:walk_under_water_one_cm":30059,"minecraft:interact_with_lectern":1,"minecraft:jump":2101,"minecraft:walk_on_water_one_cm":27958,"minecraft:interact_with_smoker":4,"minecraft:total_world_time":105130,"minecraft:fall_one_cm":55137},"minecraft:picked_up":{"minecraft:cracked_deepslate_tiles":1,"minecraft:feather":2,"minecraft:chainmail_boots":1,"minecraft:chicken":1,"minecraft:glow_ink_sac":2,"minecraft:salmon":2,"minecraft:andesite":7,"minecraft:jungle_log":8,"minecraft:leather":2,"minecraft:enchanted_book":5,"minecraft:chainmail_chestplate":1,"minecraft:gunpowder":3,"minecraft:dirt":7,"minecraft:string":3,"minecraft:cooked_mutton":5,"minecraft:armor_stand":1,"minecraft:bone":4,"minecraft:acacia_planks":22,"minecraft:apple":2,"graveyard:corruption":13,"minecraft:wheat_seeds":5,"minecraft:deepslate_brick_slab":2,"minecraft:cobbled_deepslate":14,"minecraft:cobbled_deepslate_slab":1,"minecraft:iron_ingot":2,"minecraft:jungle_sapling":1,"minecraft:iron_pickaxe":1,"minecraft:melon_slice":41,"minecraft:sugar_cane":4,"minecraft:acacia_sapling":10,"minecraft:egg":1,"minecraft:furnace":1,"minecraft:stick":13,"minecraft:raw_iron":26,"minecraft:jungle_door":4,"minecraft:cooked_porkchop":12,"minecraft:acacia_log":22,"minecraft:pumpkin_seeds":3,"minecraft:arrow":21,"minecraft:rotten_flesh":4,"minecraft:chainmail_leggings":1,"minecraft:deepslate_bricks":1,"minecraft:chainmail_helmet":1,"minecraft:skeleton_skull":1,"minecraft:cod":2,"minecraft:coal":50,"minecraft:white_wool":2,"minecraft:cobblestone":30,"minecraft:sunflower":1},"minecraft:used":{"minecraft:cooked_mutton":2,"minecraft:stone_pickaxe":77,"minecraft:shield":30,"minecraft:wooden_pickaxe":9,"minecraft:chainmail_helmet":1,"minecraft:iron_sword":123,"minecraft:cooked_salmon":2,"minecraft:iron_chestplate":1,"minecraft:torch":1,"minecraft:dirt":3,"minecraft:crafting_table":3,"minecraft:jungle_planks":16,"minecraft:apple":2,"minecraft:bread":13,"minecraft:melon_slice":41,"minecraft:stone_axe":31,"minecraft:cobblestone":5,"minecraft:bow":11,"minecraft:cooked_porkchop":4,"minecraft:furnace":3,"minecraft:jungle_door":3,"minecraft:egg":1,"minecraft:cobbled_deepslate":1,"minecraft:acacia_planks":53}},"DataVersion":3465}